店铺名称,人均消费,分类名称,所在区域,口味评分,环境评分,服务评分,商品编号,店铺星级
東發道茶冰厅,85,小吃,人民广场,8.1,8.0,8.0,83467055,40
电台巷火锅,148,重庆火锅,人民广场,8.8,8.4,8.8,126049371,45
上隐水产海鲜自助餐厅,319,自助餐,淮海路,9.0,8.4,8.7,101938403,45
霜花店韩国料理,75,韩国料理,徐家汇,9.1,8.5,8.9,130179066,50
Shake Shack,100,西式简餐,淮海路,8.5,8.2,8.7,113989989,45
点都德,117,粤菜馆,北外滩,8.8,8.7,8.5,126094542,45
亚马逊环球美食百汇,304,自助餐,浦东新区,8.7,8.8,8.9,112615837,45
YK烧肉居酒屋,176,日本料理,打浦桥,9.1,9.1,9.1,125892574,50
人和馆,129,上海本帮菜,徐家汇,9.0,9.2,9.0,17182037,50
珮姐老火锅,159,重庆火锅,南京西路,8.0,7.9,8.3,130354969,40
Mr Nice好好先生餐厅,140,西餐,月星环球港,7.8,8.0,7.8,67087734,40
Ultraviolet by Paul Pairet,5712,法国菜,外滩,9.2,9.4,9.4,6184500,50
東盛碳烤自助料理,105,自助餐,张江,8.6,8.7,8.5,127437571,45
黄公子,3661,私房菜,徐家汇,9.2,9.2,9.2,95964098,50
五月罗马海鲜自助餐厅,142,自助餐,月星环球港,8.3,8.2,8.3,76948810,45
金龙蛇料理,286,打边炉/港式火锅,四川北路,9.0,7.8,8.4,2006080,45
一緒に寿喜烧,178,自助餐,五角场/大学区,9.1,9.0,9.0,126219090,50
魔丼屋,137,日本料理,打浦桥,8.1,8.0,8.4,97889043,40
友达面馆,54,面馆,大宁地区,8.2,8.5,8.3,95372109,40
妈妈家,84,上海本帮菜,打浦桥,8.8,7.8,8.1,22038150,45
In Dough We Trust,60,咖啡厅,音乐学院,7.8,7.8,7.8,102464316,40
FLAIR 顶层餐厅酒吧,393,特色菜,陆家嘴,8.3,9.2,8.8,3891871,50
Wolfgang’s Steakhouse 沃夫冈牛排馆,1047,牛排,北外滩,9.0,9.1,8.7,122728258,50
GREEN & SAFE,190,西餐,新天地,8.5,8.9,8.3,67519205,45
南麓·浙里,261,浙菜,外滩,8.8,9.0,8.9,6874180,50
荣新馆,368,日式自助,虹桥,9.1,9.1,9.1,18615887,50
滑板鸡skateboard  Chicken,88,韩国料理,五角场/大学区,8.1,8.8,9.0,129336139,45
蟹黄鱼,81,面馆,新天地,8.6,8.2,8.3,32572563,45
荟廷·晶萃,252,上海本帮菜,打浦桥,9.1,9.1,8.9,113125360,50
元朗冰室,88,茶餐厅,淮海路,8.0,8.0,7.8,121894837,40
鼎王无老锅,172,火锅,静安寺,9.1,9.1,9.2,22181024,50
耕海蟹将军,327,日本料理,浦东新区,9.1,9.2,9.1,111875610,50
心樂麵館,56,面馆,淮海路,8.4,8.3,8.2,59293904,40
浅草六丁目,141,日本料理,南京西路,8.7,8.5,8.9,92652327,45
哥老官重庆美蛙鱼头,142,重庆火锅,人民广场,9.1,8.5,8.8,19612173,50
荣先森,85,闽南菜,徐家汇,9.2,9.0,9.1,130188458,50
付小姐在成都,82,串串香,打浦桥,9.1,8.6,9.0,77217307,50
虫二酒肆,94,苏浙菜,徐家汇,8.6,8.9,8.7,76735408,45
红盔甲,196,小龙虾,人民广场,9.1,8.9,9.1,59252131,50
泰廊,204,泰国菜,静安寺,8.6,9.2,8.8,504634,50
蟹家大院,323,大闸蟹,外滩,9.0,9.2,9.2,76839581,50
谭鸭血老火锅,150,四川火锅,月星环球港,8.5,8.5,8.4,110313559,45
江南里,84,浙菜,月星环球港,8.8,8.8,8.8,68948071,45
琵琶蛮·钟鼓馔玉,81,淮扬菜,人民广场,8.9,9.2,9.1,127227298,50
超点,121,粤菜馆,八佰伴,8.4,8.9,9.0,122876121,45
潮界,90,潮汕菜,打浦桥,9.2,9.0,9.2,113122916,50
同一战蚝高压锅竹笼生蚝专门店,108,江河湖海鲜,庙行/共康,9.1,8.4,8.9,130610094,50
南京大牌档,69,南京菜,人民广场,8.4,8.4,8.2,15123172,45
Spacelab失重餐厅,143,西餐,世纪大道,8.0,9.1,8.6,108326453,45
翠亭酒家,104,上海本帮菜,南京东路,8.8,7.9,8.7,500940,45
牛小新烧肉屋,125,日式烧烤/烤肉,淮海路,9.1,9.0,8.9,69648904,50
雲和面馆YUNHENOODLE,93,面馆,徐家汇,8.8,7.9,7.8,97282572,40
汴京茶寮,32,茶饮果汁,打浦桥,8.3,8.4,8.4,129393746,45
蚝吃蚝喝 高压锅竹笼生蚝七宝店,103,海鲜,七宝,9.1,8.9,9.0,131364805,45
喜三胖•高压锅生蚝龙虾先创者,109,海鲜,虹桥镇,8.5,7.8,7.9,130387149,40
舞渔日料美人胶原锅,140,日本料理,徐家汇,9.1,9.0,9.1,97849102,50
香港華心糖水鋪,72,甜品,南京西路,7.9,7.8,7.9,95356760,40
平成屋,107,日本料理,漕河泾/田林,9.0,9.0,9.1,103666998,50
晶焱上海菜,126,上海本帮菜,徐家汇,9.1,8.5,8.6,100944436,50
香港寶林糖水鋪,48,甜品,新天地,8.1,8.3,8.2,130689602,40
牛New寿喜烧,142,自助餐,南京东路,9.1,9.0,8.9,70444901,50
转角·上海老弄堂,147,上海本帮菜,淮海路,8.5,8.7,8.3,19804519,45
一棠龙虾,190,小龙虾,打浦桥,9.0,8.9,8.8,110434379,45
烧货煮厂,164,烧烤,五角场/大学区,8.7,7.8,8.8,98869341,45
火烧云傣家菜,106,云南菜|滇菜,静安寺,8.5,8.7,9.0,97333961,45
王宝和大酒店,265,自助餐,南京东路,8.8,8.8,8.9,501252,45
楼上火锅,480,打边炉/港式火锅,淮海路,9.1,8.7,9.1,73498668,50
RAC BAR,123,法国菜,复兴西路/丁香花园,8.5,8.9,8.5,97715078,45
1886德国汽车餐厅,176,西餐,外滩,9.0,9.1,9.0,72468264,50
清真·贯贯吉穆斯林餐厅,80,甘肃菜,人民广场,9.1,8.3,8.7,3123985,45
小大董,151,京菜,打浦桥,8.7,9.0,8.9,112229048,45
蟹蚝面道,57,面馆,中山公园,9.1,8.7,8.9,130187946,50
三个蒙古大叔烤羊肉串,126,烤串,大宁地区,9.1,8.9,9.1,97695048,50
御宝轩,378,粤菜馆,外滩,9.0,9.1,8.7,6145588,45
香港百合居,162,粤菜馆,天山,9.0,8.8,8.6,23090317,45
掌柜,114,其他中餐,南京东路,9.0,9.1,9.1,122005614,50
很久以前羊肉串,119,烧烤,五角场/大学区,9.1,9.0,9.1,27163125,50
东方明珠空中旋转餐厅,335,自助餐,陆家嘴,7.0,8.7,7.6,32814325,40
日食记,46,小吃快餐,人民广场,8.3,8.8,8.5,114788049,45
新荣记,439,苏浙菜,南京西路,9.2,9.2,9.2,21035069,50
桂满陇-枕水江南,85,浙菜,人民广场,8.7,9.1,8.9,120161294,45
梅匠小酒馆,132,日本料理,新天地,9.1,8.8,8.9,95543198,45
面包咖啡好天气パンカフェ日和,58,咖啡厅,音乐学院,8.2,8.6,8.6,130961171,45
新上海,130,上海本帮菜,打浦桥,9.0,8.7,8.9,27421074,45
salée bar&cafe,186,法国菜,静安寺,8.5,9.0,8.5,114511872,45
顶层酒吧·ROOF,265,西餐,南京东路,8.4,9.2,9.0,112262574,50
万岛日本料理铁板烧,374,日式自助,静安寺,9.1,8.7,9.0,6061638,50
太二酸菜鱼,102,酸菜鱼/水煮鱼,徐家汇,9.0,9.0,9.0,96366362,50
新白鹿餐厅,67,浙菜,南京东路,8.4,8.5,8.4,8009245,45
泰妃殿,101,泰国菜,中山公园,9.0,9.1,9.2,68003211,50
何洪记,116,粤菜馆,南京西路,8.5,8.5,8.5,91015781,45
海底捞火锅,141,火锅,八佰伴,9.1,9.1,9.3,4271630,50
柴府·豆柴咖啡厅体验馆,107,咖啡厅,龙华,8.3,8.9,9.0,130184695,45
曼哈顿自助海鲜·精选,167,自助餐,虹口足球场,9.0,8.9,9.0,110785826,50
鮨鲜きたじま日本料理,270,日本料理,徐家汇,9.0,9.1,9.0,114849833,45
粉家柳州螺蛳粉,44,米粉,上海影城/新华路,8.6,7.9,8.1,5731820,40
東發道·朱雀打边炉,136,打边炉/港式火锅,上海影城/新华路,9.2,9.1,9.1,129435991,50
Highline,302,西餐,淮海路,8.7,9.1,8.5,69202191,45
映水芙蓉,166,川菜家常菜,淮海路,9.1,9.2,9.2,102292618,50
ORO意大利提拉米苏,61,甜品,淮海路,8.2,8.3,8.5,107726284,40
胡大饭馆,166,川菜家常菜,北新桥/簋街,9.0,8.5,8.6,510660,50
香守·花胶鸡海鲜火锅,309,海鲜火锅,大望路,9.2,9.3,9.2,111599817,50
四季民福烤鸭店,156,烤鸭,王府井/东单,9.2,9.2,9.2,32333630,50
电台巷火锅,143,重庆火锅,三里屯,8.6,8.4,8.6,113942879,45
三泉冷面,61,韩国料理,望京,8.9,8.6,8.8,1998391,45
第六季自助餐厅,271,自助餐,紫竹桥,9.1,9.0,9.2,69719009,50
筑底食堂,161,日本料理,三里屯,8.6,8.2,8.5,93507832,45
西四包子铺,29,包子,西四,7.9,7.3,7.5,102474045,40
就在四楼,101,西餐,次渠,8.9,9.2,9.1,128328637,50
京兆尹,685,素食,雍和宫/地坛,9.2,9.4,9.3,5618484,50
行运打边炉,277,打边炉/港式火锅,亮马桥/三元桥,9.1,8.8,8.7,93389432,50
千牛刀·霸气牛肉锅,124,牛羊肉火锅,望京,9.1,8.9,9.0,123869591,50
小吊梨汤,94,京菜,王府井/东单,9.1,9.2,9.1,127544931,50
拾久,227,烤鸭,双井,9.1,9.1,8.9,96441483,50
付小姐在成都,84,串串香,青年路,9.1,8.6,8.9,93441313,50
Mr.Fish鱼鲜生海鲜放题餐厅,409,自助餐,国贸,8.5,9.0,8.7,110824472,45
会飞的鸡Flying chicken,56,韩国料理,双井,9.0,8.0,9.0,18623249,50
满恒记清真涮羊肉,100,老北京火锅,阜成门,9.2,8.5,8.9,8291516,50
锦府盐帮·李宅,127,自贡盐帮菜,中关村,9.1,9.3,9.2,98062818,50
麻辣烫,37,麻辣烫,朝阳公园/团结湖,8.4,8.1,8.1,19475972,45
小海堂·首创海堂一品煲,236,粤菜馆,亮马桥/三元桥,9.1,9.1,9.0,108173485,50
燕郊烧鸽子,115,东北家常菜,朝阳区,9.1,8.8,8.4,3178141,50
聚宝源,112,老北京火锅,牛街,9.2,8.1,8.1,513329,45
九本しんいち居酒屋,173,日本料理,中关村,9.1,9.2,9.2,98606619,50
炖菜馆,73,炖菜,青年路,8.9,7.2,8.2,103018255,45
THE TACO BAR,138,西餐,三里屯,9.2,8.9,9.0,8878704,50
日进一片海,232,海鲜,三里屯,8.9,8.9,8.9,4665606,50
梧桐,354,烤鸭,酒仙桥,9.1,9.3,9.2,2317615,50
伊豆野菜村,158,日式火锅,复兴门,9.1,9.1,9.0,67922962,50
小大董,147,京菜,五棵松,9.1,9.1,9.1,92715675,50
汉巴味德自助餐厅,100,自助餐,六里桥/丽泽桥,8.4,8.5,8.3,68164362,45
老乾杯,750,日本料理,王府井/东单,9.1,9.2,9.1,126978662,50
小院儿,220,私房菜,高碑店,8.8,9.1,8.9,112600506,50
局气,107,烤鸭,西单,8.7,9.1,9.0,20942012,50
黑天鹅法餐,310,法国菜,首都机场,9.1,9.4,9.3,17019659,50
河沿肉饼 Beijing Pie,58,京菜,王府井/东单,9.0,8.9,9.0,23512515,50
Home Thai·泰谣,146,泰国菜,西单,8.8,8.8,9.0,97989858,45
狂药·蔷薇精酿啤酒餐吧,139,西餐,丰台区,9.0,9.1,9.2,122489386,50
Q Mex Bar & Grill库迈墨西哥餐吧,139,西餐,三里屯,9.1,9.0,9.0,6027383,50
大董,444,烤鸭,三里屯,9.0,9.2,9.0,13745584,50
马路边边串串香,101,串串香,五棵松,8.9,9.0,8.7,130593653,45
八旗烤肉,100,融合烤肉,什刹海,9.2,8.6,9.1,28576064,50
铃木食堂,95,日本料理,前门,9.0,9.1,9.0,14753184,50
罗兰湖餐厅,206,韩国料理,酒仙桥,8.7,9.3,9.1,19210686,50
珍海肴海鲜自助餐厅,205,自助餐,朝阳区,9.0,9.0,9.0,130312531,45
喜茶,40,茶饮果汁,五棵松,9.1,9.1,9.0,127615351,50
天桥老金涮肉,93,老北京火锅,前门,8.9,7.4,8.1,11553775,45
大黄家柴犬主题咖啡店,88,咖啡厅,三里屯,8.3,8.7,9.0,130923008,45
Cafe Ruhe 如何餐厅,192,西餐,三里屯,9.1,9.1,9.2,76840258,50
宣南居餐厅,40,家常菜,北京西站/六里桥,8.9,8.2,8.7,22363547,45
街头烤牛肉,107,融合烤肉,青年路,9.1,8.5,8.8,123681005,50
Tomacado花厨,205,西餐,王府井/东单,8.7,9.3,9.1,97329886,50
ATTA BJ,268,意大利菜,国贸,8.2,9.1,8.5,90096032,45
隐厨,151,湘菜,三里屯,8.8,9.2,9.0,66586585,50
dotcom bakery 古点面包,56,面包烘焙,亮马桥/三元桥,9.0,8.7,9.0,91691950,50
KODO可多 Gift&Cafeteria,90,咖啡厅,地安门,8.2,9.0,8.5,19001582,45
炉鲜张打边炉,131,打边炉/港式火锅,安贞,9.1,9.0,9.1,127960431,50
聚十三地摊烤牛肉,133,融合烤肉,十里堡,8.8,8.6,8.8,120068272,45
桐寿司Sushi Tong,3240,日本料理,工人体育场,9.1,9.3,9.3,75187097,50
京彩臻品餐厅,345,打边炉/港式火锅,大望路,9.1,9.3,9.2,130788738,50
伙伴日式烤肉,158,日式烧烤/烤肉,东直门,9.1,9.1,9.1,20843410,50
鲸一食堂,109,日本料理,望京,8.6,8.5,8.5,79608412,45
Migas Mercado米家思,328,西餐,国贸,7.5,9.1,8.0,92053891,40
W.Restaurant白房子火车餐厅,113,西餐,双井,8.6,9.1,9.0,130085327,50
攀成钢小郡肝串串香,112,串串香,五道口,9.2,9.0,9.1,101215780,50
火烧云傣家菜,105,云南菜|滇菜,朝阳公园/团结湖,9.0,8.9,8.8,27275925,50
后海16号私房菜·露台小火锅,170,私房菜,什刹海,8.8,9.1,9.0,3144925,50
三五堂,173,自助餐,国贸,8.5,9.1,8.9,92047942,45
七八冷面,68,韩国料理,远大路,8.9,8.7,8.8,67015135,45
椒鸣椒麻小馆·浩瀚星空,81,特色菜,魏公村,9.3,9.3,9.3,130985844,50
东江人家,92,粤菜馆,对外经贸,8.9,7.5,7.8,5136742,45
The Georg,511,西餐,地安门,8.9,9.3,8.9,32651315,50
门框胡同百年卤煮,46,老北京小吃,新街口,8.8,8.1,8.3,5724122,45
Bada kitchen,124,日本料理,中关村,9.0,9.2,9.3,23658039,50
天坛街自助餐厅,121,自助餐,崇文门,8.3,9.1,9.0,13790460,45
成都葫芦娃一家人火锅,157,四川火锅,三里屯,9.0,9.1,8.9,59431302,50
小红袍香港私房火锅料理,336,火锅,王府井/东单,9.1,9.2,9.0,98896255,50
熔时·FIRESIDE,144,创意菜,朝外大街,9.0,9.1,9.0,77589258,50
盘古七星酒店·聚福园自助餐厅,670,自助餐,亚运村,8.2,9.0,9.0,2901988,45
青山研究所Aoyama Lab,62,甜品,三里屯,7.7,8.5,8.2,102409937,40
火炉火自助餐,83,韩国料理,五道口,8.6,8.1,8.3,21286307,45
The Cheesecake Factory 芝乐坊餐厅,199,西餐,王府井/东单,9.0,9.0,8.8,97569570,45
牛排家,333,牛排,亮马桥/三元桥,9.2,9.3,9.1,97338850,50
SPACELAB失重餐厅,145,西餐,蓝色港湾,8.0,9.1,8.6,72348890,45
风铃酒馆,116,创意菜,南锣鼓巷/鼓楼东大街,9.0,9.2,9.1,79620858,50
SHANG BAR上餐吧,238,创意菜,前门,8.0,9.1,8.4,18333795,45
兰熊鲜奶,21,茶饮果汁,西直门/动物园,9.0,8.7,8.9,112185338,50
% Arabica,46,咖啡厅,三里屯,8.3,7.7,8.4,130359725,40
北平花园,231,西餐,前门,8.4,9.2,9.0,90947193,45
花家怡园,184,京菜,北新桥/簋街,8.2,8.9,8.2,507755,45
海拌,50,私房菜,三里屯,8.8,8.5,9.0,79306909,50
YAO望ENJOY35%NITROCOLDBREW,102,咖啡厅,望京,8.3,8.8,8.7,98454812,45
新疆饭庄,86,新疆菜,西直门/动物园,8.5,7.5,7.6,512888,45
俄士厨房,142,俄罗斯菜,五棵松,9.1,9.2,9.0,93641597,50
捷信牛奶甜品世家,38,甜品,五道口,8.1,8.2,7.8,130180008,40
海底捞火锅智慧餐厅,146,四川火锅,朝外大街,9.1,9.3,9.2,123603289,50
很久以前羊肉串,120,烧烤,北新桥/簋街,9.1,9.1,9.2,19141068,50
鹤一烤肉主题餐厅,166,自助餐,中关村,9.1,9.0,9.0,38114833,50
LELECHA乐乐茶,35,面包烘焙,百子湾,8.5,8.3,8.2,102117465,45
感性食堂·국가대포집,89,韩国料理,望京,8.6,8.4,9.1,121551158,45
电台巷火锅,117,重庆火锅,天河区,8.1,8.1,8.4,126943055,40
Mr.Fish鱼鲜生海鲜放题,342,自助餐,高德置地/花城汇,8.9,9.1,9.0,32501719,45
小核桃烤肉馆,164,融合烤肉,珠江新城,8.2,8.2,7.7,129874522,40
炳胜品味,172,粤菜馆,珠江新城,8.6,9.1,8.3,2954893,45
摩打食堂,110,日本料理,石牌/龙口,9.1,9.1,9.2,108302872,50
文和友龙虾馆,130,小龙虾,北京路,7.9,8.2,7.9,114003403,40
孖记士多,55,广州菜,中山七八路,7.3,6.4,6.5,130319025,35
极炙·台灣精致炭火烤肉,217,日式烧烤/烤肉,天河城/体育中心,9.1,8.7,9.2,66250176,50
惠食佳,162,粤菜馆,区庄/动物园,9.0,8.5,8.0,518037,45
那都不是锅港式打边炉,144,打边炉/港式火锅,五羊新城,9.1,8.9,9.1,129989146,50
味之绝美蛙鱼头火锅,71,四川火锅,东晓南,8.9,8.6,8.7,127970510,45
COLINMINT簡悅廚,93,西餐,江南西,8.5,8.4,8.3,20709213,45
强记龙虾钳,129,海鲜,越秀区,8.1,7.1,8.0,112527856,40
小炳胜,109,粤菜馆,天河城/体育中心,8.3,8.6,8.4,90339417,40
表哥好味鹅,133,粤菜馆,南村,9.1,7.5,7.9,4016347,45
79号渔船海鲜主题饭店,192,海鲜,天河北,8.8,8.9,8.3,101920339,45
HOTFINGERS海鸡,79,韩国料理,江南西,8.9,8.8,9.0,129681206,45
银灯食府,75,广州菜,北京路,8.7,8.1,7.8,520453,45
米倉食堂,64,日本料理,天河城/体育中心,8.7,8.7,9.1,129376847,45
滋粥楼,152,顺德菜,南村,8.9,9.0,8.8,13786811,45
花开米上韩国料理,64,韩国料理,北京路,8.5,8.6,9.0,130016863,45
肥豚·炭烧,102,东南亚菜,天河城/体育中心,8.4,8.5,8.4,108342255,45
鲍师傅糕点,37,面包烘焙,石牌/龙口,8.1,7.6,7.5,124743294,40
撚手食堂,66,广州菜,天河北,8.8,8.8,9.1,131006618,45
水哥卜卜贝,72,海鲜,东晓南,8.4,7.5,7.7,126838908,40
陈记沙茶面,14,快餐简餐,中山七八路,7.9,6.5,7.8,68987024,40
点都德,90,广州菜,钟村,9.1,9.1,8.7,113896226,50
平又鲜蟹馆,214,海鲜,天河公园,8.6,7.0,7.6,66115443,40
那未大叔是大厨,134,广州菜,兴盛路/跑马场,9.0,9.1,9.2,123847268,50
速度披萨·首创魔鬼芝士披萨,93,西餐,珠江新城,8.9,9.1,9.0,92481297,45
Mark&Mars café,88,西餐,天河城/体育中心,8.2,7.8,7.7,65333790,40
南京大牌档,60,南京菜,江南大道,8.8,9.0,9.1,130387748,45
王品牛排,389,西餐,天河城/体育中心,8.9,9.1,9.2,3126163,50
松发肉骨茶SongFa,84,东南亚菜,天河城/体育中心,8.9,8.8,9.2,129033485,45
松月自慢料理,346,日本料理,珠江新城,9.0,9.3,9.1,92411666,50
咏藜园·香港米其林餐厅,87,粤菜馆,天河城/体育中心,8.1,7.8,7.9,102973511,40
猪肠仔风味店,17,小吃,越秀区,8.6,7.3,7.5,16969725,40
宋·川菜,240,川菜家常菜,珠江新城,8.3,9.3,8.9,93377592,45
海底捞火锅,130,火锅,天河城/体育中心,9.0,9.1,9.2,21954765,50
陶陶居酒家,105,粤菜馆,天河城/体育中心,8.9,8.9,8.5,23461615,45
the eating table,157,西餐,珠江新城,8.2,9.0,8.3,23460688,40
小正泰·东南亚轻食,59,泰国菜,天河城/体育中心,8.5,8.5,8.4,126086577,45
毕德寮,97,粤菜馆,珠江新城,8.7,9.1,8.7,91009319,45
吴系茶餐厅,93,茶餐厅,石牌/龙口,8.4,8.2,7.6,3151891,45
海晏楼,126,粤菜馆,滨江路,8.5,7.9,7.7,13917869,40
禄运茶居•拔草餐厅,63,广州菜,天河城/体育中心,8.6,8.2,8.3,69810563,45
广九餐室,46,茶餐厅,中山二三路/东山口,8.5,7.9,7.5,18240797,45
gaga鲜语,73,茶饮果汁,天河城/体育中心,8.4,9.0,8.7,113089920,45
烧喜日式烤肉放题,146,烧烤,北京路,8.3,8.1,8.0,101622238,40
常来小聚,73,广州菜,珠江新城,8.6,8.6,7.9,98775621,45
潮福餐馆,85,潮汕菜,滨江路,8.2,6.6,7.1,2594575,40
四海一家,155,自助餐,南村,7.4,8.0,7.3,520725,40
亞當咖啡,35,咖啡厅,北京路,8.7,9.0,9.1,130725875,45
有间虾铺,160,小龙虾,珠江新城,8.7,8.5,8.6,75625534,45
粤陈记煲仔粥,82,海鲜火锅,南村,8.7,6.8,7.4,122417356,40
扎實大牌檔,121,粤菜馆,工业大道,8.8,9.0,9.0,126914365,45
度小月 · 半小时吃遍台湾,80,台湾菜,珠江新城,7.7,7.7,7.9,22169006,40
大鸽饭,86,粤菜馆,北京路,8.8,9.1,8.8,114884627,45
Mercato莫卡多露台餐厅与酒吧,432,意大利菜,珠江新城,8.7,9.2,9.0,98383015,45
LECHAMAX超级乐茶,28,面包烘焙,珠江新城,8.3,8.3,8.1,93461160,40
get holiday 夹脚鞋与鱼子酱,183,西餐,天河北,8.5,9.1,8.9,112084956,45
白天鹅宾馆·流浮阁咖啡厅,375,自助餐,沙面,8.7,9.2,9.1,519416,50
南信牛奶甜品专家,26,甜品,上下九,8.4,7.4,7.3,518986,40
富临食府,68,粤菜馆,北京路,8.3,6.9,7.3,517659,40
香兰印尼餐厅 Pandan,68,东南亚菜,中山二三路/东山口,8.2,8.5,8.3,98190755,40
大头虾越式风味,80,越南菜,北京路,8.3,7.7,7.5,2290345,45
COMMUNE,99,西餐,珠江新城,8.3,8.9,8.0,107798028,45
星樾城·东南亚餐厅,78,泰国菜,天河城/体育中心,8.6,9.1,8.3,127178501,45
狎鸥亭韩国料理,60,韩国料理,天河城/体育中心,7.3,6.9,7.2,68171987,35
HAVANA·生蚝海鲜放题餐吧,177,自助餐,天河北,8.7,9.0,8.4,102103531,45
丘大6仔记餐厅,59,粤菜馆,滨江路,8.3,7.3,7.4,27058682,40
廾穹概念中国菜,156,创意菜,琶洲,8.4,9.1,8.7,38212967,45
白天鹅宾馆·玉堂春暖餐厅,369,粤菜馆,沙面,9.0,9.3,9.1,520094,50
嘛嘛档,40,东南亚菜,天河城/体育中心,9.0,8.7,9.1,130600988,45
海门鱼仔店,123,潮汕菜,珠江新城,8.6,8.5,8.1,76765675,45
阿婆牛杂,21,牛杂,北京路,8.2,7.9,8.1,130934134,40
湊湊火锅,136,火锅,天河城/体育中心,8.3,8.9,8.6,130004703,40
库克石烧牛扒,119,西餐,珠江新城,9.0,8.7,9.1,90535154,45
尚莲·越泰LIAN Viet & Thai Cuisine,170,泰国菜,珠江新城,8.7,9.2,8.7,73565949,45
富力君悦大酒店·凯菲厅,432,自助餐,珠江新城,8.8,9.1,8.8,2741800,45
啫八,133,粤菜馆,滨江路,8.9,8.3,7.9,58032122,45
Poke wood海鲜波奇饭,46,海鲜,江南西,8.8,8.5,9.0,114628205,45
传记潮发牛肉店,82,潮汕牛肉火锅,北京路,9.1,8.7,9.1,68924764,50
抖蚝蒸海鲜餐厅,96,海鲜,白云区,7.1,7.0,6.7,130898683,35
等我餸上門海鮮大排檔,120,海鲜,中山七八路,8.4,8.1,8.3,113694095,45
铭门盛宴艺术海鲜姿造,426,自助餐,珠江新城,8.9,9.0,8.7,47930527,45
御前十七,90,日本料理,石牌/龙口,8.5,8.6,8.5,112601186,45
大家福美食店,58,粤菜馆,芳村,8.4,7.4,7.6,2313319,40
翅叔港式火锅·鱼翅专门店,122,广州菜,北京路,8.9,7.9,8.4,102382128,45
小鲜肉烤串,93,烤串,珠江新城,8.7,8.7,8.5,96336190,45
大猿日本料理,101,日本料理,江南西,9.0,8.8,9.1,23076961,45
mango tree芒果树餐厅,165,泰国菜,珠江新城,8.7,9.1,8.9,98932230,45
鱼意·四季佛跳墙,78,粤菜馆,天河城/体育中心,8.9,8.5,9.0,96499289,50
贝多分卜卜贝·旗舰店,42,海鲜火锅,天河城/体育中心,7.6,6.9,7.3,128966268,35
木可花房,86,西餐,北京路,7.8,9.1,8.1,123913329,40
ABC-石烧安格斯牛扒,99,西餐,北京路,8.9,9.0,9.0,24763606,45
悦厅 Living Room,255,西餐,珠江新城,8.5,9.3,9.1,38061576,50
陈添记,24,快餐简餐,上下九,8.0,6.9,7.3,518659,40
豪汤花胶火锅,124,火锅,工业大道,8.6,8.7,8.6,126915348,45
友約在鮮·港式邊爐,165,打边炉/港式火锅,环市东,9.2,9.2,9.3,123861066,45
付小姐在成都,77,串串香,华强北,8.9,8.9,9.0,130405650,45
蘩楼,88,粤菜馆,华强北,9.0,9.1,8.9,111515699,50
花茸粤色,120,打边炉/港式火锅,市中心区,8.4,9.0,8.6,113104854,45
陶陶居酒家,116,粤菜馆,海岸城,8.8,8.8,8.9,108332969,45
山禾田日式料理,93,日本料理,国贸,8.9,8.9,8.8,127000254,50
潮香四海·正宗潮汕风味,86,潮汕菜,南油,9.1,8.4,8.9,98320322,50
利宝阁,158,粤菜馆,市中心区,8.8,9.1,8.5,15104339,45
桂满陇·西湖船宴,93,浙菜,市中心区,8.0,9.2,8.6,92760092,45
詠藜園·香港米其林餐厅,107,粤菜馆,华强北,8.3,8.8,8.5,96391537,40
姜虎东白丁烤肉,138,韩国料理,市中心区,8.7,8.4,8.5,76740244,45
有拈头成都市井火锅,103,四川火锅,南山中心区,8.9,9.0,8.9,123924786,45
小炳胜,114,广州菜,海岸城,8.0,8.3,8.3,122486153,40
蔡澜港式点心,89,粤菜馆,科技园,8.7,8.6,8.7,123850755,45
江味龙虾馆,127,小龙虾,南头,9.1,9.0,9.1,57880853,50
文和友老长沙龙虾馆,128,小龙虾,梅林,8.6,8.4,8.1,96268629,45
Royal Stacks,81,西餐,市中心区,7.8,8.0,8.1,129282724,40
朝夕天台帐篷火锅,119,四川火锅,龙岗区,9.1,9.3,9.2,130155594,50
费大厨辣椒炒肉,71,湘菜,市中心区,8.7,8.7,8.7,124547806,45
食觸空間火锅,78,火锅,岗厦,9.0,9.1,9.0,130650064,50
火堯火锅,319,火锅,南山中心区,9.2,9.3,9.4,113182842,50
和牛食验室WagyuLab,1603,日式烧烤/烤肉,市中心区,9.1,9.3,9.3,121865736,50
半饱半醉,96,私房菜,科技园,7.6,8.3,7.9,94024802,40
八合里海记,90,潮汕牛肉火锅,海岸城,9.1,8.6,8.5,69489452,50
个斑马音乐烧烤吧,110,烧烤,香蜜湖,8.8,8.7,8.6,51439514,45
李记湛光蚝莊,103,烧烤,白石洲,8.8,7.4,7.6,14169125,45
港嘢香港小食,39,茶餐厅,黄贝岭,8.2,7.6,8.2,91061957,40
炳胜品味,274,广州菜,深圳湾,8.5,9.0,8.5,124477417,45
点都德,94,粤式茶点,南山区,9.1,9.1,9.0,98546557,50
捞王锅物料理,143,猪肚鸡火锅,科技园,9.0,9.1,9.1,112229896,50
豆腐家dubujib,60,韩国料理,市中心区,8.7,8.8,9.1,129962672,45
Spacelab失重餐厅,119,西餐,宝安中心区,7.8,9.0,8.5,110509795,40
呷哺呷哺,94,小火锅,市中心区,8.6,9.0,8.6,129966664,45
小黄紫炸鸡,30,炸鸡炸串,沙头,8.5,7.8,8.2,110509739,40
楊記隆府,106,江湖菜,国贸,8.1,9.1,8.8,125405456,45
极浦亭餐厅,93,粤菜,梅林,8.5,9.0,8.5,91666871,45
马旺子川小馆,137,川菜家常菜,深圳湾,8.6,9.0,8.8,124512568,45
澤田本家·铜锣烧专门店,18,面包甜点,市中心区,8.3,8.4,8.9,112143543,40
三妹小龙虾,264,海鲜,白石洲,8.6,7.3,8.3,102118697,45
神秘的魔女厨房,145,创意菜,车公庙,8.0,8.6,8.4,94033238,40
鹏瑞莱佛士酒店·星空坊Sky Cafe,627,西餐,南山区,9.1,9.4,9.4,128485176,50
四季烧烤火锅大排档,141,烧烤,新洲,8.3,7.0,7.7,27426644,40
無双海鲜丼专门店,121,日本料理,南山中心区,8.3,8.6,8.8,112069376,45
六少·猪肚包鸡,91,猪肚鸡火锅,海岸城,8.8,9.0,9.0,130272288,45
拾号牛扒,177,牛排,宝安中心区,8.6,8.5,8.4,95985253,45
冬阴功,85,东南亚菜,南头,8.9,8.0,8.5,102377355,45
极炙·台湾精致炭火烧肉,232,融合烤肉,KKMAll/京基100大厦,9.1,8.7,9.2,91606013,50
禄鼎记,102,川菜家常菜,市中心区,8.8,9.0,9.0,92763376,45
gaga鲜语,55,西餐,市中心区,8.6,8.8,8.5,4278304,45
湊湊火锅·茶憩,134,火锅,皇岗,8.4,8.9,8.6,93227294,45
龙巢盱眙龙虾,140,小龙虾,香蜜湖,8.8,8.6,8.4,3049726,45
太二酸菜鱼,92,酸菜鱼/水煮鱼,市中心区,8.8,8.9,8.8,92329372,45
鲍师傅糕点,39,面包烘焙,海岸城,8.3,7.7,7.7,111608038,40
佬麻雀,92,湘菜,华强北,8.4,9.1,8.9,124340215,45
79号渔船海鲜主题饭店,226,海鲜,KKMAll/京基100大厦,8.8,8.3,7.8,66996117,45
吽home炭火烧肉,225,日式烧烤/烤肉,南山区,7.9,8.0,7.3,124154810,35
合气屋·糖果居酒屋,113,日本料理,华强北,9.1,9.3,9.2,127048139,50
COMMUNE,108,西餐,车公庙,8.6,9.1,8.8,130077169,45
饭聚,109,顺德菜,皇岗,8.8,7.7,8.2,79610793,45
老乾杯,748,日式烧烤/烤肉,市中心区,9.0,9.1,9.1,93772945,50
BEEPLUS超级烘焙工坊,54,面包烘焙,海岸城,8.1,9.0,8.4,113114494,40
岚LAN·SUSHI&COCKTAIL,219,日本料理,石厦,8.7,9.2,9.1,102026522,50
I HOLIC PIZZA 艾豪丽披萨,95,西餐,华强北,9.0,9.2,8.8,93356268,50
天宝兄弟,139,湘菜,梅林,9.2,8.5,9.1,70133256,50
集渔·泰式海鲜火锅,129,泰式火锅,梅林,8.7,9.1,9.0,126105047,45
Drift,82,西餐,车公庙,9.0,9.3,9.2,113883234,50
李白热卤·现煮串串,71,串串香,新安,8.4,8.4,8.8,129379086,45
wann lounge,540,西餐,南山区,9.0,9.3,9.2,97803819,50
四海一家,181,自助餐,益田假日,7.2,7.7,7.4,2340253,35
大秦小宴,117,西北菜,市中心区,8.7,9.1,8.8,20832481,45
馔豚,73,台湾菜,科技园,8.5,8.6,8.8,90318000,45
海底捞火锅,136,火锅,市中心区,9.1,9.2,9.3,8039208,50
辉记炭烧海鲜,333,海鲜,荔枝公园片区,8.8,8.3,8.6,77245738,45
成天都想吃,63,川菜家常菜,南山中心区,8.6,8.8,9.1,129666322,45
何止味觉,53,日本料理,水贝,8.6,8.1,9.1,125723079,45
旬野菜和牛火锅·放题,168,日式火锅,市中心区,8.6,8.8,8.7,97429212,45
极上萬膳·日料自助,280,日本料理,南油,8.5,8.9,8.6,103635847,45
冰村大叔·煲仔粥糖水店,37,小吃快餐,梅林,8.6,7.5,7.8,58443184,45
外婆家,61,浙菜,市中心区,7.9,8.5,8.0,18993110,40
桂满陇-锦绣江南,84,浙菜,益田假日,8.2,9.1,8.8,98757449,45
东记海鲜大咖,181,海鲜,龙华,8.8,7.8,8.5,42111439,45
廒椒AOJIAO酒馆,64,川菜家常菜,桃园,8.9,9.2,9.2,129188953,50
胡桃里音乐酒馆,128,川菜家常菜,市中心区,8.6,9.1,8.3,38306645,45
盒马鲜生,129,海鲜,市中心区,8.7,8.4,8.3,98228809,45
1949全鸭季,463,烤鸭,欢乐海岸,9.0,9.2,9.1,18722722,50
鮨吟 Sushi Gin,1661,寿司,香蜜湖,9.4,9.3,9.4,124229679,50
BeauTea水仙,36,茶饮果汁,市中心区,8.5,8.3,8.3,73619373,45
红盔甲,150,小龙虾,白石洲,9.1,9.1,9.2,124945947,50
SHAUGHNESSY Restaurant & Bar,709,西餐,科技园,9.1,9.0,9.2,112226709,50
莆田餐厅,130,福建菜,科技园,8.3,8.9,9.0,93011104,45
厨姐炸鸡,63,韩国料理,梅林,8.2,7.5,8.1,24100377,40
芝湖参鸡汤,80,韩国料理,南山中心区,8.5,8.6,8.8,130348124,45
南京大牌档,64,南京菜,KKMAll/京基100大厦,8.3,8.7,8.4,23476197,45
% Arabica,42,咖啡厅,深圳湾,8.2,8.0,8.0,124529418,40
北京羲和雅苑烤鸭坊,152,烤鸭,科技园,8.1,9.0,8.6,95379691,40
SOI 22 二十二象,121,东南亚菜,市中心区,8.1,8.9,8.7,96044963,40
堂本家洋食别馆,84,日本料理,市中心区,8.3,8.6,8.3,6136909,40
相悦星期8•音乐烧烤吧,104,烧烤,皇岗,9.1,9.2,9.0,98870767,50
Jungle nat 高空西餐厅,101,西餐,石厦,8.1,9.2,8.6,129877279,45
王品牛排,445,牛排,海岸城,9.0,9.2,9.2,58500262,50
大聖酒場,240,日本料理,国贸,8.6,9.2,8.9,114877734,50
吉姆南洋大师傅,31,面包甜点,五大道,8.7,8.6,8.6,130496044,45
梨花自助烤肉,72,自助餐,和平路,8.9,9.0,9.0,107767918,45
柒號馆天津菜,69,天津菜,滨江道,9.1,8.9,9.1,18382688,50
云杉·膳好,109,特色菜,时代奥城,9.1,9.3,9.2,17658440,50
汉巴味德,79,自助餐,水游城,9.1,9.1,9.1,22376661,50
观宴·海鲜美学主题自助餐厅,459,自助餐,小白楼,9.1,9.2,9.1,93392954,50
FreakShake 变态奶昔,38,茶饮果汁,五大道,8.6,9.1,9.1,129826538,45
道味,165,创意菜,五大道,9.1,9.2,9.1,65649839,50
奶奶的美食,20,快餐简餐,白堤路/风荷园,8.5,8.6,8.8,130902248,45
湖院,91,天津菜,水上/天塔,9.2,9.1,9.1,90083302,50
刘家小院·烧麦,66,京菜,后广场,9.1,9.1,9.1,104093729,50
奶奶的美食天津一店,21,快餐简餐,东丽区,8.9,8.8,9.0,130963086,45
芋见他,32,甜品,大悦城,8.7,8.7,8.5,130917906,45
电台巷火锅,113,火锅,南市,9.1,9.1,9.2,125231182,50
La Fleur用心,168,西餐,五大道,9.3,9.4,9.3,102331414,50
娜娜家·nana's restaurant,108,西餐,大悦城,9.1,9.2,9.1,21274230,50
三胖鸡肉串,60,烤串,前园桥,9.1,8.6,9.1,65194535,50
胡大饭馆,125,川菜家常菜,永安道沿线,9.0,9.0,8.7,22428224,45
通海俄式烧烤,87,烤串,下瓦房,9.1,9.2,9.2,98707405,50
奈雪の茶,39,茶饮果汁,上杭路街,8.7,9.0,9.0,131507948,45
粤食堂,82,广州菜,尖山,8.8,8.8,8.1,113967694,45
玉玲珑,78,浙菜,和平路,9.1,9.2,9.2,91928197,50
祖母的魔法厨房,77,其他美食,红桥区,9.0,9.2,9.1,111511505,50
鲸岚·烧肉夜食,138,融合烤肉,五大道,9.2,9.2,9.1,21212841,50
川骄海鲜自助,190,自助餐,后广场,9.1,9.2,9.1,92025370,50
泰钰丰,124,天津菜,永安道沿线,9.1,9.2,9.1,17983537,50
北塘海鲜大酒楼,163,海鲜,大王庄,9.1,8.3,8.4,5286691,45
马路边边串串香,92,串串香,天佑城/西南角,9.0,8.9,8.9,112151262,50
南京大牌档,65,南京菜,和平路,9.0,9.1,9.0,66653595,50
喜茶,31,茶饮果汁,南市,9.1,9.0,8.7,121456916,50
Buffy小黄鸭茶楼,93,茶餐厅,滨江道,8.4,9.0,8.7,124462712,45
桃子餐厅,58,天津菜,王顶堤,9.0,8.6,8.8,17175694,50
COSE TEA & BAKERY,43,茶饮果汁,永安道沿线,8.8,9.2,9.0,129980998,45
四季酒店空中花园 Aria on 9,298,烧烤,滨江道,8.4,9.1,9.1,99617322,50
胡桃里音乐酒馆,136,川菜家常菜,下瓦房,8.9,9.2,8.9,91908770,50
泰赞,105,东南亚菜,滨江道,9.1,9.2,9.1,76832027,50
桂园餐厅,79,天津菜,五大道,8.4,7.6,7.7,536123,40
鑫海汇烤肉海鲜自助,66,自助餐,滨江道,8.7,8.8,8.8,21301905,45
韩国料理,38,韩国料理,五大道,8.6,7.3,7.9,22994424,45
乾园,76,上海本帮菜,和平路,9.1,9.2,9.1,92281985,50
吉布鲁牛排海鲜自助,78,自助餐,上杭路街,8.9,8.8,8.8,83498349,45
南大门韩糕,25,面包烘焙,白堤路/风荷园,8.3,8.3,8.5,130730917,40
九龍冰室,75,茶餐厅,文化中心,9.1,8.8,9.0,18274333,50
必点海鲜·鲅鱼水饺,108,海鲜,和平路,9.1,9.1,9.0,113893599,50
SUPERBOOM Burger爆爆大汉堡,75,西式简餐,五大道,9.1,9.0,9.0,95019366,50
火炉火自助餐,87,韩国料理,滨江道,9.1,9.0,9.0,66627997,50
陆壹捌餐厅,136,天津菜,五大道,9.0,9.1,8.7,22076946,45
小李饭庄,59,天津菜,本溪路/丁字沽,9.0,8.5,8.9,4548731,45
大渔铁板烧,211,日式铁板烧,大悦城,9.1,9.2,9.1,5290087,50
简坐,87,特色菜,大悦城,8.9,9.2,9.1,125223617,50
小吊梨汤,85,京菜,大悦城,9.1,9.1,9.2,18570510,50
天津卫码头,72,天津菜,大悦城,8.6,9.1,9.1,96366216,45
苏帮袁Sue Cuisine,127,淮扬菜,南市,9.1,9.3,9.2,125382151,50
赤道那海海鲜体验主题餐厅,385,自助餐,大悦城,9.0,9.1,9.1,69852692,50
班花串串香火锅,74,串串香,和平路,9.0,9.2,9.2,130568259,50
三个渔夫蒸汽海鲜,167,海鲜,小白楼,9.3,8.9,9.2,57391139,50
四化里牛肉饭,29,快餐简餐,围堤道沿线,8.4,7.2,7.9,99688168,40
大渔海棠·酸菜鱼,75,酸菜鱼/水煮鱼,大寺,9.0,9.2,9.1,129382769,50
耳朵眼会馆,202,天津菜,老城厢,8.9,9.2,8.8,6858507,45
铁真刨冰王红焖羊肉,27,冰淇淋,西康路沿线,9.0,8.3,8.5,534900,50
锦楼 Seafood&Bar,202,创意菜,五大道,9.0,9.4,9.3,125692281,50
那都不是锅港式打边炉,139,打边炉/港式火锅,狮子林大街,9.0,9.1,9.2,130525751,50
福满满·精细佛跳墙火锅,342,火锅,下瓦房,8.5,8.6,8.6,130052004,45
富祥四季餐厅·晚茶,102,特色菜,宾水道/体院北,9.1,9.3,9.1,2564380,50
彤彤海鲜鱼馆,138,海鲜,中山路,8.9,7.1,7.6,4521275,45
福记茶楼,94,茶餐厅,五大道,9.1,9.3,9.2,129522619,50
太二酸菜鱼,88,酸菜鱼/水煮鱼,大悦城,9.1,9.1,9.2,102278847,50
糖人街,78,浙菜,滨江道,8.7,9.2,9.1,91619210,50
铁真红焖羊肉&铁真刨冰,37,牛羊肉火锅,南市,9.0,8.6,9.0,9964588,45
圍炉,64,自助餐,上杭路街,7.6,7.9,7.8,23912074,40
那家油麻菜馆,102,广州菜,五大道,9.0,9.1,9.1,90434175,50
大台北麻辣烫,26,麻辣烫,滨江道,8.4,7.7,7.8,2351254,45
天池延边朝鲜族烤串夜宵,87,烤串,围堤道沿线,9.1,9.2,9.1,67742507,50
小铃兰,82,创意菜,和平路,8.9,9.3,9.2,92174851,50
Kiwi Bird 无尾鸟新西兰餐厅,117,西餐,大悦城,8.9,9.1,9.1,69630175,50
金陵暴走小龙虾,123,小龙虾,文化中心,9.2,9.2,9.2,113868000,50
焱火烧食,77,融合烤肉,白堤路/风荷园,9.2,9.1,9.1,66585167,50
哈茶加Hacha,38,面包甜点,水上/天塔,8.2,8.9,8.9,120159184,45
Deer Park鹿园西餐,141,西餐,红桥区,9.2,9.4,9.3,97242335,50
津沽小院,63,农家菜,中山路,9.1,9.0,9.0,114799056,50
大姨捞面,14,面馆,老城厢,9.0,8.1,8.5,22242015,45
海底捞火锅,113,火锅,南开大学,9.4,9.4,9.4,98587562,50
里米尼意大利餐厅,78,西餐,滨江道,8.6,9.1,8.9,90063504,45
東鲸食堂·鳗怀石,129,日本料理,和平路,9.1,9.1,9.1,111580031,50
袁府庭院烧烤·演艺吧·夜宵,91,烤串,中山路,7.1,7.8,7.5,130895441,35
侘寂,951,私房菜,和平路,9.2,9.3,9.3,69425119,50
金环西餐厅,65,西餐,水上/天塔,8.9,8.4,8.6,4179720,45
彭厨,90,湘菜,经济开发区,8.9,9.0,8.6,101966082,45
ins森林童话餐厅,153,西餐,老城厢,7.9,9.2,9.0,112008361,45
娜娜家·Nana’s restaurant,105,西餐,水上/天塔,9.2,9.2,9.2,98346460,50
贰楼小院,109,私房菜,滨江道,8.9,9.1,9.0,22567664,50
PIZZA BIANCA,105,西餐,文化中心,9.1,9.1,9.0,6256143,50
娜娜家.Nana’s restaurant,111,西餐,滨江道,9.2,9.3,9.2,112162125,50
无限韩国自助烤肉,46,韩式烤肉,王串场/民权门,9.1,9.0,8.9,130989577,50
小吾厨房,90,创意菜,滨江道,8.9,9.2,8.9,69137892,50
蘭海·海道鲜生,165,日式自助,水上/天塔,9.0,9.1,9.1,102514096,50
南京龙虾馆,101,小龙虾,海光寺/六里台,9.1,8.9,8.8,130469828,50
起士林大饭店,181,西餐,小白楼,7.7,8.4,7.6,61552110,40
锦 Restaurant&Bar,182,创意菜,五大道,8.9,9.3,9.1,103023100,50
宴宾楼,79,天津菜,上杭路街,9.0,9.1,8.8,23015028,50
茶人村-百年经典演绎杭帮味道,140,本帮江浙菜,龙井/虎跑,8.9,9.0,8.9,563199,50
杭州酒家,89,浙菜,湖滨,8.6,8.5,8.3,11549988,45
月龍吟,391,日式自助,钱江新城,9.1,9.3,9.1,124477671,50
哥老官重庆美蛙鱼头,139,重庆火锅,武林广场,9.1,8.8,8.9,98101685,50
竹哩,391,日式自助,星光大道,9.1,9.3,9.1,67161528,50
Super 27,137,西餐,凤起路沿线,8.6,9.1,9.0,113894845,45
觀芷隐轩,409,创意菜,吴山广场/河坊街,9.1,9.3,9.2,92898596,50
月芽 · 自由餐厅,208,西餐,西溪,9.0,9.2,9.0,69145776,50
陈艳红市井火锅,99,四川火锅,武林广场,8.6,8.6,8.6,125166784,45
方老大面,36,面馆,吴山广场/河坊街,9.1,7.7,7.9,96281090,45
南京大牌档,62,南京菜,下沙,9.0,9.1,9.1,130338884,50
满满初牛,127,日本料理,武林广场,9.1,9.0,9.1,90428857,50
大力士,107,韩国料理,凤起路沿线,9.0,8.2,8.6,45823060,45
桂语山房高级餐厅,614,创意菜,龙井/虎跑,9.1,9.3,9.1,3379543,50
LELECHA乐乐茶,40,面包烘焙,凤起路沿线,8.1,7.9,7.5,122283155,40
西子湖四季酒店·金沙厅,663,浙菜,西湖北线/黄龙,9.2,9.4,9.1,4498412,50
叶马,151,浙菜,凤起路沿线,8.4,8.5,8.4,97583757,45
乾湖会·海鲜姿造美学餐厅,427,自助餐,钱江世纪城,9.0,9.1,9.0,121480283,45
大牌大传统菜,74,浙菜,湖滨,8.7,8.8,8.3,72196398,45
304BRUNCH·RESTAURANT,136,西餐,凤起路沿线,8.7,9.1,9.0,75626805,45
蚝宅海鲜龙虾烧烤,114,小龙虾,天虹购物中心,9.0,8.3,8.8,112608240,50
乔村高压生蚝·私房菜·夜宵,116,江河湖海鲜,星光大道,8.9,8.3,8.9,96386713,45
顾小亭,96,广州菜,大关,8.4,8.7,8.7,92358053,45
老头儿油爆虾,82,浙菜,湖滨,9.0,9.1,9.0,125785508,50
飲小滿餐廳,91,浙菜,钱江新城,9.0,8.8,8.8,129874965,45
新榆园,146,创意菜,龙井/虎跑,8.8,9.0,8.7,537543,45
osteria pelecanus鹈鹕野餐,116,西餐,下沙,9.1,9.1,9.2,130338916,50
宝美点心,13,江浙小吃,城站火车站,8.5,7.4,7.6,57245177,40
澳门味道茶餐厅,84,茶餐厅,北大桥/大悦城,8.3,8.5,8.5,112008569,40
火撸尖千岛小串,89,烧烤,古墩路沿线,9.2,8.6,9.0,129310258,50
喝丢一只鞋·老东北主题泥炉烤肉,103,融合烤肉,信义坊,8.9,8.4,8.6,21617144,45
素描餐厅,126,创意菜,灵隐,8.4,9.1,8.6,6334766,45
牛排家,331,牛排,庆春路沿线,9.1,9.3,9.2,93484580,50
好東家·民间菜,95,农家菜,阳光路,8.3,8.4,8.3,98129883,40
猪爸,109,浙菜,凤起路沿线,8.4,8.9,8.9,73620037,45
VIDA花园餐厅,194,西餐,凤起路沿线,8.7,9.2,9.1,73392484,50
牛犇犇牛馆,72,江浙小吃,凤起路沿线,8.9,8.7,8.9,130074904,45
谢大牛馆·黄牛骨中式牛排,80,江浙小吃,德胜路沿线,8.8,8.0,8.3,95470118,45
湊湊火锅·茶憩,150,火锅,湖滨,8.8,9.0,8.8,93761947,45
庐畔,137,浙菜,凤起路沿线,8.8,9.1,9.0,129706185,45
楼外楼,166,浙菜,西湖北线/黄龙,7.1,7.7,6.9,536375,35
荣先森,100,闽南菜,北大桥/大悦城,8.8,8.9,9.1,98702784,45
隐觅·私房菜,100,私房菜,南山路,9.1,9.0,9.1,123300656,50
同乐舫,158,粤菜馆,西湖北线/黄龙,8.8,8.9,8.4,2122381,45
曼陀林餐厅,133,创意菜,龙井/虎跑,9.2,9.4,9.2,127922924,50
鲍师傅糕点,42,面包烘焙,湖滨,8.8,8.4,8.3,93205974,45
大肆撸串·无忧酒肆,99,烤串,大关,8.4,8.6,8.7,124395372,45
福缘居酒楼,80,浙菜,吴山广场/河坊街,8.9,7.6,7.6,1914664,45
海底捞火锅,131,四川火锅,城西银泰,9.2,9.2,9.3,111562391,50
天伦里餐厅,250,浙菜,西湖北线/黄龙,9.0,8.9,8.8,23685200,50
素食堂,29,自助餐,解放路沿线,9.1,8.5,9.0,32624230,50
多伦多海鲜自助,112,自助餐,钱江新城,7.9,8.1,8.0,90576027,40
多米叔叔厚吐司,20,面包甜点,钱江新城,8.3,8.5,8.1,130525313,40
新荣记,571,浙菜,西溪,9.1,9.4,9.2,98154969,50
糊糊,22,快餐简餐,凤起路沿线,8.3,7.9,8.6,111513491,40
昊家露韩国料理,72,韩国料理,首尔印象,9.1,9.1,9.2,110731579,50
大刀腰片·川味观出品,112,四川火锅,凤起路沿线,8.9,8.9,8.8,131337086,45
艳台湾火锅,134,小火锅,庆春路沿线,9.2,9.3,9.2,96580758,50
红帽小吃馆,20,小吃,西湖北线/黄龙,7.6,7.2,7.2,92963382,35
西湖国宾馆·紫薇厅,376,浙菜,龙井/虎跑,9.1,9.4,9.1,2613688,50
宴鲜森·创意私房菜,112,私房菜,凤起路沿线,9.0,8.4,8.7,102205027,45
樨香,277,浙菜,钱江新城,9.1,9.1,8.7,125238896,50
三朝三山·烧卤酒肆,55,粤菜馆,凤起路沿线,9.0,9.1,9.0,126551835,50
铭言·创意台菜,117,创意菜,凤起路沿线,8.4,8.9,8.9,122319195,45
澳骄 Aussie Kitchen,124,西餐,吴山广场/河坊街,9.2,9.1,9.3,92767588,50
那些年一起吃串的地方,67,烤串,凤起路沿线,8.7,8.7,8.5,126221552,45
杭州知味观·杭帮菜餐厅,100,浙菜,湖滨,8.0,8.0,7.8,15860276,40
香芙茗茶楼,120,浙菜,龙井/虎跑,9.2,9.1,9.2,10485111,50
望湖小龙虾•招牌油焖大虾•生蚝,95,小龙虾,湖滨,9.1,8.3,8.9,83588557,50
蟹觅,193,浙菜,钱江新城,8.9,9.1,9.0,90893582,45
玖五京菜,190,烤鸭,庆春路沿线,8.8,9.2,9.0,96534444,45
望江门小龙虾·美蛙锅,122,小龙虾,湖滨,9.1,8.4,9.0,70446735,50
新白鹿餐厅,61,浙菜,湖滨,8.7,8.9,8.8,93527223,45
汉舍小雅汉舍小馆,170,粤菜馆,大关,8.7,9.0,8.6,4728636,45
Foamy Foamy,45,面包烘焙,湖滨,8.8,8.2,8.4,97983454,45
mamala 西餐厅,234,西餐,拱宸桥/上塘,9.2,9.3,9.3,12594791,50
泰燃HotThai泰式海鲜火锅,137,泰式火锅,庆春路沿线,9.1,9.1,9.1,124408710,50
德明饭店,107,浙菜,复兴路沿线,8.6,7.6,7.5,5964975,40
亚萃,126,新加坡菜,凤起路沿线,8.4,8.8,8.8,72450822,45
知味观·味庄,159,浙菜,龙井/虎跑,7.9,8.2,7.5,536995,40
碧桃小馆,118,创意菜,吴山广场/河坊街,8.6,9.1,8.4,13659940,45
幻想MEETINGYOU米其林风味西厨,145,西餐,庆春路沿线,8.9,9.1,9.0,112290474,50
九甲里·老底子杭帮菜,66,浙菜,庆春路沿线,9.0,8.9,9.1,124343721,50
李白图书馆餐厅,157,浙菜,新塘路/秋涛路沿线,8.7,9.1,8.7,83486607,45
荣小馆,171,苏浙菜,武林广场,8.7,8.8,8.5,97810823,45
宝荣鱼馆·临湖之宴,97,私房菜,千岛湖大排档,9.2,9.0,9.2,18591169,50
壹鹭·私房菜,109,私房菜,吴山广场/河坊街,9.2,9.1,9.3,130296608,50
稻禾百味南大门米糕,18,小吃,凤起路沿线,8.4,8.5,8.6,129766187,45
孔雀川菜,163,川菜家常菜,城东,8.9,9.1,8.9,129808361,45
花泰Blooming Thai,135,泰国菜,武林广场,9.0,9.2,9.1,93546386,50
明洞王妃家·和牛专卖店,123,韩式烤肉,湖滨,9.0,9.0,9.1,114807833,50
The Habit Burger Grill 哈比特汉堡,58,西式简餐,城西银泰,9.1,8.9,9.1,126089154,50
肉本家·碳烤肉,82,韩式烤肉,三墩镇,9.0,8.6,8.7,26946470,50
李不管把把烧,85,烤串,武林广场,8.2,8.4,8.4,129803880,40
嘭嘭鲜牛杂煲龙虾馆,84,打边炉/港式火锅,九堡,9.1,8.7,9.0,128562211,50
马路边边老成都串串香,91,串串香,高新文教区,9.0,8.7,8.7,97823534,45
浮谷火锅,85,小火锅,滨江天街,9.1,9.2,9.1,126576627,50
宴杭·江宴,111,浙菜,高新文教区,9.1,9.1,9.0,123687709,50
那时新疆·龟兹,96,新疆菜,湖滨,9.0,9.1,9.1,128088514,50
宴遇,217,特色菜,北大桥/大悦城,9.0,9.3,9.2,112108001,50
Eggsoul蛋魂,45,西式简餐,新街口地区,9.0,8.5,8.9,102970225,50
哥老官重庆美蛙鱼头,131,重庆火锅,夫子庙地区,9.2,9.2,9.3,129868575,50
蘇小主,72,特色菜,奥体中心,8.0,8.4,8.1,129997864,40
付小姐在成都,79,串串香,新街口地区,9.0,8.9,9.1,98636982,50
宴誉·恋海海鲜姿造,369,自助餐,奥体中心,8.9,9.1,9.0,98484438,45
南京大牌档,71,南京/江浙菜,夫子庙地区,8.9,8.9,8.7,15106050,45
江南里,78,苏浙菜,新街口地区,9.0,9.1,9.1,110087643,50
牛记脆皮五花肉,25,小吃,新街口地区,7.8,7.5,7.9,130006470,40
泥炉烧肉师,114,融合烤肉,新街口地区,9.1,9.0,8.7,79450431,50
LELECHA乐乐茶,36,面包烘焙,新街口地区,8.4,8.3,7.9,121797610,40
喝丢一只鞋,102,融合烤肉,珠江路沿线,9.0,8.9,8.9,122109648,50
花千醉小酒馆,82,南京/江浙菜,夫子庙地区,8.9,9.3,9.1,103638985,50
眷江南之小蓝鲸,69,南京/江浙菜,新街口地区,8.9,7.9,8.9,2019928,45
逆鳞,131,日本料理,升州路/集庆路,9.1,9.0,9.0,96717525,50
强烨饭店,119,苏浙菜,常府街/长白街,8.9,8.3,8.0,2361073,45
新白鹿餐厅,66,浙菜,新街口地区,8.5,9.0,9.0,122901638,45
翠园,285,粤菜馆,新街口地区,8.8,9.1,8.7,109461600,45
尚一汤 广东炖汤,159,粤菜馆,奥体中心,8.9,9.1,9.1,130071208,45
最火3拖1老火锅,86,重庆火锅,秦淮区,8.1,7.8,8.0,129355193,40
碳说品道·精品龙虾·海鲜烧烤,109,小龙虾,新街口地区,9.0,9.0,8.9,102170730,50
陳污污的半間店,27,快餐简餐,新街口地区,8.5,8.9,8.8,97450775,45
一味老卤面,19,面馆,玄武区,9.0,8.6,8.9,126836467,45
首尔大排档,107,韩国料理,新街口地区,8.4,9.0,9.1,122862629,45
电台巷火锅,122,重庆火锅,新街口地区,8.6,8.6,8.9,122010339,45
望蓉城·手工酸菜鱼,86,酸菜鱼/水煮鱼,奥体中心,9.0,8.8,8.9,130389794,45
香格里拉大酒店·江南灶中餐厅,240,淮扬菜,新模范马路,9.1,9.0,8.5,19828496,50
LeTAO小樽洋菓子铺,90,甜品,新街口地区,8.5,8.7,8.8,129853520,45
米桃-百花山房·桃花扇,110,苏帮菜,应天大街/文体路,9.0,9.2,9.1,97078271,50
深海冷饮批发超市,69,冰淇淋,常府街/长白街,9.2,8.8,9.0,65631434,50
老虎滩大连海鲜烧烤,123,烤串,草场门/龙江,9.1,8.9,8.9,98546008,50
芳婆糕团店,12,面包烘焙,新街口地区,8.5,7.5,7.7,538595,45
鱼市新馆,392,自助餐,南京国际博览中心/元通,9.0,9.0,8.9,130389817,50
小潘记鸭血粉丝汤,21,快餐简餐,珠江路沿线,8.8,7.9,8.2,2867470,45
润木溪,75,淮扬菜,新街口地区,8.6,9.1,9.1,112506061,45
左庭右院鲜牛肉火锅,140,潮汕牛肉火锅,新街口地区,9.2,9.1,9.1,73563878,50
龙吟山房,453,特色菜,江宁区,8.9,9.4,9.1,56573964,50
喜姐炸串,25,炸鸡炸串,新街口地区,8.9,8.7,9.0,130471785,45
POETS·Thai 普艾斯泰餐厅酒吧,159,东南亚菜,新街口地区,9.1,9.2,9.2,14192885,50
成都娃娃花园餐厅 Garden Restaurant & Lounge,109,川菜家常菜,南大/南师大,9.1,9.2,9.1,22675029,50
柏烤堂烧烤,96,烧烤,新街口地区,9.0,9.1,8.9,27317293,50
李记清真馆,22,快餐简餐,升州路/集庆路,8.7,7.7,7.6,566541,45
金陵烧烤龙虾坊,140,小龙虾,湖南路,8.9,8.9,9.0,77949635,50
寻花·肆季,71,浙菜,新街口地区,8.4,9.2,9.0,128466070,45
老门东美食街,41,其他美食,夫子庙地区,9.0,8.8,8.7,18143932,50
猫抓烤肉,104,韩国料理,新街口地区,9.2,9.1,9.2,59186516,50
递酒中学,104,融合烤肉,凤凰西街,9.0,9.2,9.1,129818450,50
恋尚哥老官重庆美蛙鱼头,112,重庆火锅,新街口地区,8.5,8.6,8.7,129682152,45
鸽味轩,94,粤菜馆,环亚凯瑟琳广场,9.1,8.9,9.0,97985581,50
桃花源记·春风,79,湘菜,奥体中心,8.6,8.7,8.7,130390006,45
翠华餐厅,92,茶餐厅,新街口地区,8.3,8.4,8.0,58876299,40
度小月,79,其他中餐,新街口地区,8.2,9.0,9.0,75203138,45
金陵暴走小龙虾,155,小龙虾,东山镇,9.2,8.9,8.9,23667022,50
本家韩国料理,132,韩国料理,新街口地区,9.2,9.2,9.1,5210198,50
芋见他,30,面包烘焙,新街口地区,8.6,8.4,8.6,129889169,45
石上百味,54,南京/江浙菜,夫子庙地区,9.0,8.8,8.9,92094174,45
SALSA MEX 莎莎·麦克西,61,西餐,新街口地区,9.1,8.5,9.1,90912774,50
芳村榕樹頭·廣州排檔,135,广州菜,奥体中心,8.5,8.2,8.5,129782708,45
盛江山自助烤肉,89,自助餐,百家湖,8.9,8.9,8.8,93487366,45
寻魏•金陵十二菜,201,淮扬菜,夫子庙地区,8.9,9.2,9.1,98432388,50
晶丽海鲜自助餐厅,192,自助餐,紫金山/孝陵卫,9.1,9.3,9.2,33615364,50
十朝院子,89,南京/江浙菜,升州路/集庆路,8.6,8.7,8.5,90428135,45
盱眙红大龙虾,191,小龙虾,夫子庙地区,9.0,8.8,8.9,97707595,50
长江新村馄饨,8,馄饨,鼓楼区,8.7,7.2,8.2,38089218,45
大蔬无界·南京德基广场美素馆,208,素食,新街口地区,9.1,9.3,9.2,19348893,50
民国红公馆,230,淮扬菜,新街口地区,8.8,9.1,8.8,99354562,45
米纸越南小馆·PHO,65,东南亚菜,新街口地区,9.0,9.0,9.0,58416726,50
蚝鲜生加油站,108,江河湖海鲜,建邺区,8.4,8.2,8.1,130983519,40
大麦·鸽王,46,粤菜馆,新街口地区,9.1,8.1,8.8,111808902,50
湊湊火锅·茶憩,156,火锅,新街口地区,9.1,9.2,9.1,110828812,50
嘻游记·烧肉,134,融合烤肉,奥体中心,8.7,8.5,7.9,130580985,45
暗恋桃花源,91,苏浙菜,新街口地区,8.6,9.2,9.0,112206488,45
Bopeye 80'波派炸鸡&啤酒,64,韩国料理,新街口地区,9.1,9.0,9.1,22792468,50
清真巴旺烧烤,67,烧烤,应天大街/文体路,9.1,7.9,8.3,68233449,45
多哩小馆,81,家常菜,常府街/长白街,8.8,8.7,8.4,539403,45
海底捞火锅,130,火锅,应天大街/文体路,9.3,9.3,9.3,97792952,50
寻魏·随園,322,淮扬菜,夫子庙地区,9.2,9.4,9.2,112569766,50
鸡包渔,137,汤锅,常府街/长白街,9.1,8.7,8.9,59439540,50
老头儿油爆虾,79,浙菜,应天大街/文体路,9.0,9.0,9.1,94797796,50
馨罗朝鲜冷面,32,快餐简餐,珠江路沿线,8.1,7.9,7.8,13893554,40
从你的全世界路过,105,创意菜,新街口地区,7.8,8.9,8.4,32675893,40
康玺·遇海海鲜姿造,391,自助餐,奥体中心,8.4,8.6,8.6,98273458,45
BISTRO CACO,113,西餐,新街口地区,8.8,9.1,9.1,98184857,45
iris.霓光食界,53,西餐,南大/南师大,9.1,9.2,9.1,124555658,50
喜粤壹號,118,粤菜馆,集庆门大街,8.5,8.8,8.5,113156986,45
多伦多海鲜自助餐厅,111,自助餐,珠江路沿线,8.6,8.7,8.7,67325291,45
曹宽粑粑坊,33,面包烘焙,常府街/长白街,8.7,8.2,8.1,129665973,40
郭阿姨月亮馍,10,快餐简餐,新街口地区,8.6,8.5,8.8,131415723,45
FISH BAG 鱼袋 Poke Eats 波奇碗,53,西餐,常府街/长白街,9.2,9.3,9.3,94309168,50
袁亮宏専業餃子雲吞,27,饺子,常府街/长白街,9.0,8.8,8.6,93765829,45
梅苑,334,淮扬菜,新街口地区,9.1,9.2,9.3,65574669,50
喜茶,30,茶饮果汁,新街口地区,9.1,9.1,8.9,122286531,50
螺丝找虾,185,小龙虾,升州路/集庆路,9.2,8.8,9.1,57237736,50
美蛙仔,76,川菜家常菜,江宁科学园,9.1,9.2,9.2,130584232,50
重庆叮叮唐冷锅鱼,87,自助餐,莫愁湖/水西门,9.2,9.1,9.2,97715077,50
深夜屋里食堂-深夜食堂,126,日式简餐/快餐,湖南路,9.2,8.9,9.2,17854766,50
L'Arôme芳芳法餐厅,332,西餐,新街口地区,9.0,9.2,9.2,18288190,50
老头爱马仕酸豇豆炒饭,26,快餐简餐,新街口地区,8.1,7.5,7.9,8053227,40
甜小兔tiyo's cake蛋糕店,74,面包烘焙,建邺万达,9.1,9.0,9.1,72454268,50
解牛·围炉烧肉,157,日本料理,夫子庙地区,9.1,9.1,9.0,126426333,50
第一次见面,40,面馆,雨花台区,9.1,9.2,9.2,126239350,50
熊猫老灶火锅,119,四川火锅,观前街地区,8.9,9.1,9.0,127651435,45
文和友老长沙龙虾馆,143,小龙虾,观前街地区,8.6,8.6,8.6,102088758,45
马头巷1·超声波红油龙虾,134,小龙虾,姑苏区,9.3,9.2,9.2,128270904,50
哥老官重庆美蛙鱼头,120,鱼火锅,东方之门,9.2,9.1,9.2,126049738,50
品泰·泰国餐厅,103,东南亚菜,博览中心,8.7,9.1,9.0,130195041,45
龙鲜会·澳门生鲜火锅,179,火锅,博览中心,9.0,9.1,9.0,123931947,45
老苏州大客堂·特色小吃,68,苏帮菜,观前街地区,8.0,8.4,8.0,21589704,40
绿丰园农家菜·阳澄湖农家乐,88,农家菜,唯亭,9.2,9.1,9.2,93497043,50
泰加泰式概念餐厅,142,东南亚菜,苏州中心,9.1,9.2,9.0,96529201,50
茗香楼•精品餐厅,502,粤菜馆,苏州乐园,9.2,9.3,9.2,98285415,50
山水蟹庄·阳澄湖农家乐,145,农家菜,阳澄湖大闸蟹舫,9.1,9.1,9.1,91964290,50
DORADO·黄金国度音乐餐厅,287,西式正餐,苏州中心,9.0,9.2,9.1,97241978,50
澳门星记猪骨,134,火锅,博览中心,9.0,9.1,9.0,123474911,50
南虾北羊龙虾馆,166,小龙虾,塔园路,8.8,8.5,8.7,79709476,45
暖食,56,创意菜,观前街地区,8.9,9.0,9.2,79624217,50
巴四老城区炭火蛙锅,98,炭火锅,现代传媒广场,9.1,9.2,9.2,112160659,50
峯烧鸟しんやしょくどう,152,日本料理,苏州中心,9.1,9.2,9.1,127848137,50
洋洋中餐馆,130,苏帮菜,李公堤,8.9,9.1,8.7,19110508,45
电台巷火锅,109,重庆火锅,观前街地区,8.6,9.0,9.1,129893315,45
蚝有压力,74,海鲜,独墅湖大学城,8.5,8.6,8.3,130944307,45
臻品粤茶餐厅,97,茶餐厅,苏州中心,9.0,8.9,8.8,20666384,45
藤·精致料理,447,日本料理,苏州中心,9.1,9.2,9.2,126771915,50
山水湾湖景农家乐·民宿,82,农家菜,太湖东山,9.2,9.1,9.2,66130028,50
初见·玉腿坊,81,创意菜,新天地,9.0,9.0,9.1,94024206,50
渔乐圈海鲜自助餐厅,140,自助餐,龙湖狮山天街,8.8,9.0,9.0,113147919,45
少東家面中贵族,44,面馆,观前街地区,9.0,8.9,9.0,130272405,45
苏枕河精致苏帮菜,77,苏帮菜,山塘街,8.5,8.9,8.8,125239629,45
蒋先生茶餐厅,69,茶餐厅,圆融时代广场,9.0,8.9,8.8,92400777,50
江南雅厨,178,苏浙菜,李公堤,9.2,9.4,9.2,123757089,50
九座,1590,日本料理,苏州中心,9.2,9.3,9.3,98800455,50
外婆印象休闲农庄,85,农家菜,太湖东山,8.7,8.8,8.7,4509020,45
味道龙虾私房菜馆,151,小龙虾,三香路沿线,9.1,8.7,9.0,20658797,50
半糖½Azucar Gastro Lounge,474,西餐,苏州中心,8.8,9.2,9.2,112203260,50
鱼市浜烧蟹类·海鲜烧,168,日本料理,狮山地区,9.2,9.1,9.2,23631152,50
丸藏和牛烧肉,202,日式烧烤/烤肉,苏州中心,9.1,8.7,9.0,68937667,50
隐庐居·私房菜·龙虾,140,小龙虾,金鸡湖商业广场,9.0,9.0,8.9,68198227,50
小摘茶铺,17,茶饮果汁,观前街地区,9.3,9.2,9.3,130653381,50
鹿十·鮨,244,日本料理,博览中心,9.3,9.3,9.3,129432705,50
泰爷泰式火锅,112,泰式火锅,石路地区,9.1,9.1,9.2,125165107,50
喜来春,101,农家菜,太湖西山,9.1,9.0,8.7,10522291,50
太二酸菜鱼,84,酸菜鱼/水煮鱼,苏州中心,9.0,9.1,9.2,125061784,50
一炭一炉·烤肉·小龙虾,99,韩式烤肉,石路地区,9.0,8.6,9.1,98665193,50
暗恋桃花源,95,浙菜,苏州中心,8.7,9.1,9.0,97192599,45
水天堂西餐厅,86,西餐,苏州中心,8.6,9.0,8.7,127181289,45
食止·冷锅串,62,川菜家常菜,苏州中心,9.0,8.8,8.8,96480844,45
掌柜蚝宅,84,海鲜,观前街地区,8.9,8.9,9.0,122795120,45
丰茂烤串,111,烤串,苏州中心,9.2,9.1,9.2,20714647,50
Spacelab失重餐厅,125,西式简餐,苏州中心,8.1,9.1,8.7,102024804,45
老东门精致苏帮菜,61,苏帮菜,平江路,8.6,8.6,8.8,9190531,45
醉蚝坊,100,海鲜,湖东邻里中心,9.0,8.9,8.8,26989575,45
付小姐在成都,75,串串香,苏州中心,9.1,9.1,9.1,92835865,50
两个庆火锅公司,86,重庆火锅,观前街地区,8.6,8.5,8.5,125951795,45
青玉案.私房雅宴,399,私房菜,沧浪新城,9.2,9.4,9.1,98323834,50
高庭粤·鲜入围煮,128,打边炉/港式火锅,景德路沿线,9.0,8.6,8.8,101543509,45
雲湖岚院特色农家乐,144,农家菜,太湖东山,9.2,9.3,9.3,76756454,50
那些年一起吃串的地方烧烤,64,烤串,观前街地区,8.7,9.1,9.0,98678823,45
新梅华餐厅,88,苏帮菜,苏州中心,9.1,9.0,8.8,97254766,50
喜茶,30,茶饮果汁,苏州中心,9.0,8.9,8.6,97066042,45
小园楼,80,苏帮菜,拙政园,8.7,7.8,8.1,4713978,45
福鼎小吃,20,包子,十全街/凤凰街,8.5,7.7,8.3,68240687,45
汴京茶寮,27,茶饮果汁,吴江其他,7.1,7.1,7.0,130800578,35
辣三多重庆蛙锅,94,炭火锅,景德路沿线,8.8,8.8,8.7,92469798,45
朱洪元苏式面馆,102,面馆,枫桥地区,8.7,8.4,8.7,66870791,45
谭鸭血老火锅,105,四川火锅,博览中心,7.8,8.4,8.3,129847595,40
爱舍·梵美里·家庭厨房,122,西餐,苏州中心,9.1,9.2,9.2,96292037,50
金府,79,苏帮菜,平江路,8.9,8.5,8.9,103615713,45
永豐食集台北篇,62,台湾菜,博览中心,8.3,8.7,8.6,111542791,45
古洋食坊,106,茶餐厅,苏州中心,9.0,9.1,9.1,92522109,50
追夜小酒肆,83,苏浙菜,木渎地区,9.0,9.2,9.0,98713388,50
哑巴生煎,19,生煎/锅贴,观前街地区,8.5,8.1,7.7,2036530,45
裕兴记,78,面馆,景德路沿线,9.0,8.8,9.0,124463486,50
有拈头成都市井火锅,75,火锅,观前街地区,9.0,9.0,8.9,130812412,50
胖哥鱿鱼,30,烧烤,新天地,9.2,8.4,8.7,80530118,50
桂满陇·西湖船宴,90,浙菜,圆融时代广场,8.6,9.2,8.9,102523618,45
绛心·日本料理,74,日本料理,观前街地区,9.1,9.1,9.1,114536170,50
美虾美蟹,155,小龙虾,湖东邻里中心,9.3,9.3,9.2,129841455,50
老枫庭,96,苏帮菜,木渎地区,9.0,9.2,8.9,93633157,50
万福日式碳火烤肉,172,日式烧烤/烤肉,苏州中心,8.8,9.1,9.0,96528325,45
海底捞火锅,129,火锅,苏州中心,9.3,9.3,9.3,19160789,50
裕兴记面馆,90,面馆,石路地区,9.0,8.6,8.8,18040341,45
祖母的厨房西餐厅,133,西式正餐,龙湖狮山天街,9.0,9.2,9.1,16816429,50
唯食 Brunch with,140,西餐,苏州中心,8.4,9.0,9.0,98495302,45
一乐韩国炸鸡,63,韩国料理,博览中心,9.2,9.1,9.1,18180078,50
simply thai天泰,163,东南亚菜,苏州中心,9.1,9.1,9.1,98075326,50
小南莊,59,苏浙菜,南门,9.0,8.6,8.5,127617023,45
粉越·西贡越南餐厅,69,东南亚菜,龙湖狮山天街,8.6,9.0,8.6,95357116,45
晚芳亭·赏湖餐厅农家乐,151,农家菜,莲花岛,9.3,9.2,9.3,110308606,50
思烤家·韩国核桃碳烤肉,105,韩国料理,苏州中心,9.1,9.1,9.1,110862888,50
多伦多海鲜自助餐厅,106,自助餐,吴江其他,6.8,6.8,6.8,131063457,30
中茵皇冠假日酒店圣汐西餐厅,263,自助餐,苏州中心,9.0,9.3,9.2,3336841,50
源氏日本料理·蟹蟹爱,212,日本料理,宝裕广场,9.1,9.2,9.1,3465259,50
GoldenOlivesgr希腊餐厅,106,西式简餐,苏州中心,8.3,9.0,8.8,103559534,45
马头巷2·超声波红油龙虾,129,小龙虾,景德路沿线,9.2,9.2,9.2,95586471,50
有时无界,99,茶餐厅,苏州中心,8.9,9.2,9.0,96060458,50
年轮烧烤·龙虾·碳火牛蛙,89,烤串,苏州中心,8.7,9.0,8.9,98639021,45
星洲小馆,68,东南亚菜,松陵,7.6,7.6,7.5,130803274,35
岚柚日式自助料理,127,日式自助,陆慕元和,8.8,8.7,8.7,102044721,45
重庆德庄火锅,90,重庆火锅,观前街地区,8.3,8.1,8.0,128432958,40
千禧家玉米燃料·创意烤肉,81,韩式烤肉,金鸡湖商业广场,8.7,8.8,8.8,128348048,45
恩你小木屋米酒店,84,韩国料理,观前街地区,8.2,9.0,8.6,129675973,40
巴蜀大将火锅,96,四川火锅,武侯祠,8.7,9.1,8.7,98062791,45
马旺子·川小馆,107,川菜家常菜,春熙路,8.5,9.1,8.9,58137369,45
成都吃客,87,川菜家常菜,宽窄巷子,9.0,7.7,8.6,23093707,45
谭鸭血老火锅,87,四川火锅,春熙路,8.5,8.6,8.4,98759587,45
叶婆婆钵钵鸡,47,钵钵鸡,春熙路,8.5,8.7,8.3,101934093,45
Mr·Fish鱼鲜生海鲜放题,400,自助餐,高新区,8.9,9.1,9.0,80620237,45
WE HOUSE维豪斯,132,西餐,高新区,9.0,9.2,9.0,90085699,50
陈艳红市井火锅,71,四川火锅,科华北路,8.7,8.3,9.0,130414008,45
子非,1029,川菜家常菜,宽窄巷子,8.7,9.2,9.2,2461336,50
饕林餐厅,76,川菜家常菜,盐市口,9.0,8.9,9.0,90343673,45
南大门韩糕,16,韩式小吃,科华北路,7.6,7.7,8.0,127672110,40
园里火锅,146,四川火锅,高新区,8.8,9.3,9.0,99094746,50
鸡毛店,64,川菜家常菜,玉林,9.1,8.9,8.8,90043481,50
烤匠麻辣烤鱼,93,烤鱼,春熙路,9.0,9.1,8.7,92551280,45
竹涟烧肉·日式烤肉,109,日式烧烤/烤肉,春熙路,9.1,9.2,9.1,124062175,50
陶德砂锅,53,川菜家常菜,蜀汉路,9.1,9.1,9.2,102795365,50
黄孃甜不辣,33,烧烤,玉林,8.1,6.8,7.5,10333057,40
疯狂烤翅,34,烤翅,双楠,8.2,7.6,8.2,16192885,40
么哈Mojar,59,西餐,科华北路,9.0,9.0,9.0,93942143,50
天干兔燥,76,江湖菜,高新区,8.5,9.0,9.0,121559188,45
冒椒火辣,63,串串香,宽窄巷子,9.0,7.8,8.3,13810171,45
陈麻婆豆腐旗舰店,64,川菜家常菜,杜甫草堂,8.6,9.1,8.6,529362,45
蚝英雄·自助烤蚝店,99,融合烤肉,红星路,7.7,7.6,7.7,129847758,40
豪虾传龙虾馆,104,小龙虾,春熙路,8.5,8.5,8.8,6148595,45
明婷饭店,59,川菜家常菜,太升路,8.3,6.9,7.5,2068327,40
都氏二当家·木系,170,云南菜|滇菜,锦华万达,8.4,9.2,8.7,48022346,45
集渔·泰式海鲜火锅,120,东南亚菜,春熙路,9.0,9.2,9.2,100090279,50
肉桂厨房CINNAMON,59,东南亚菜,青羊区,9.0,7.7,8.5,108140744,45
鮨·初雲,1391,日本料理,春熙路,9.1,9.1,9.1,124475263,50
喜茶,32,茶饮果汁,春熙路,8.7,8.7,8.4,113080735,45
浅草肆·深夜食堂,168,日本料理,双楠,8.4,9.1,8.9,114799442,45
不站花胶鸡,168,汤锅,大业路,9.0,9.0,8.8,120181627,45
西月城谭豆花,19,豆花,春熙路,8.6,8.5,8.5,24914363,45
雷门MOJOC·火锅,96,重庆火锅,春熙路,8.5,9.2,9.1,114636827,45
FIELDS 十域,123,西餐,大慈寺,8.3,9.0,8.2,82825987,45
蜀大侠火锅,97,四川火锅,春熙路,9.0,9.0,8.5,58322041,45
武士的牛,234,日式烧烤/烤肉,双楠,9.2,9.2,9.2,120001023,50
夏威夷全球海鲜姿造,282,自助餐,高新区,8.7,9.0,8.8,92678240,45
红辣椒,93,川菜家常菜,桐梓林,9.1,9.2,9.4,66526423,50
上宴精品海鲜姿造,396,海鲜,春熙路,8.8,9.0,9.0,90464735,45
喳哇牛油串串,68,串串香,锦江区,9.1,8.4,8.9,98802571,50
宽来火锅,121,四川火锅,高新区,8.4,9.2,8.6,104633774,45
叼嘴撸串,61,串串香,建设路,8.5,8.7,9.1,129917270,45
乐山胖哥跷脚牛肉,50,汤锅,望平街,9.2,8.8,9.1,92384680,50
牛华八婆麻辣烫,73,串串香,春熙路,9.0,9.0,9.1,102351305,45
雍容荟·海鲜姿造,350,自助餐,高新区,8.4,8.6,8.6,77291391,45
岘港•越南料理,75,东南亚菜,春熙路,8.9,9.1,8.9,130343969,45
柴门饭儿,93,川菜家常菜,大慈寺,8.3,9.0,8.3,22989026,45
大鸭梨烤鸭店,122,烤鸭,高新区,8.4,8.9,8.3,123311976,45
大龙燚火锅,95,四川火锅,春熙路,9.1,9.1,9.1,75141698,50
小龙翻大江火锅酒楼,135,四川火锅,宽窄巷子,9.0,9.3,9.0,47008792,50
萬得冰田,39,甜品,建设路,8.2,7.8,7.8,93794957,40
老黄记手撕烤兔·始于2002年,51,兔头/兔丁,玉林,8.8,7.7,8.0,4131157,45
花嘴巴麻辣烫,65,串串香,望平街,8.8,7.9,8.4,103480590,45
朴田泰式海鲜火锅,139,泰式火锅,科华北路,9.1,9.3,9.1,59039228,50
海底捞火锅,110,四川火锅,高新区,9.0,9.2,9.3,102198946,50
红虾社·小龙虾生蚝烤鱼,133,小龙虾,春熙路,8.9,9.0,9.0,91597790,50
瓦烤·烧烤界扛把子,68,烤串,高新区,9.2,9.0,9.3,130946881,50
绿源盒Wholesome Food Co.,49,西餐,高新区,9.0,8.5,9.2,111790112,50
玥轩中餐厅,178,粤菜馆,春熙路,8.9,9.2,8.9,22948402,45
悦百味品质川菜,124,川菜家常菜,高新区,9.0,9.3,9.2,101894989,50
甜心闲生传统手工冰粉,19,茶饮果汁,宽窄巷子,8.6,8.8,8.8,130758513,45
爸爸炒料牛排老火锅,84,重庆火锅,一品天下大街,8.5,8.9,8.3,113930279,45
霸王虾·成都招牌小龙虾,150,小龙虾,天府新区,8.1,8.0,8.0,65696914,40
uncle戴龙虾馆,132,小龙虾,桐梓林,8.3,8.3,8.3,98322787,40
和幸,80,日本料理,春熙路,8.9,9.1,9.2,2489593,50
青丘花园民宿餐厅,156,泰式火锅,三圣乡,8.3,9.0,8.3,125344722,45
大德会席,1821,日本料理,大慈寺,8.5,9.0,9.0,63187120,45
酒窝烧鸟,130,日式烧烤/烤肉,科华北路,8.3,8.1,8.1,106205428,40
得劲儿焖烤肉串,80,烤串,万年场,8.8,8.5,9.1,72343229,45
德门·Diamond,484,私房菜,桐梓林,9.3,9.3,9.4,130116378,50
马路边边麻辣烫,74,串串香,磨子桥,8.9,8.3,8.6,73592811,45
味之绝美蛙鱼头火锅,78,鱼火锅,科华北路,9.1,8.6,9.1,13837558,50
夜猫子夜市,35,小吃,宽窄巷子,7.9,7.5,7.7,83587398,40
逍遥烫特色串串,79,串串香,宽窄巷子,9.1,9.1,9.1,94878652,50
奈雪の茶,35,面包甜点,春熙路,8.4,8.7,8.5,126083833,45
渝九香川菜馆,63,川菜家常菜,玉林,9.0,8.3,8.9,23221460,45
巴蜀大宅门火锅,92,重庆火锅,北门大桥,9.1,9.0,9.1,6375717,50
宝炙星BURGER AUSTINE,64,西餐,桐梓林,8.9,8.3,8.9,111483429,45
呼吉牧小龙虾烤肉,114,小龙虾,武侯区,8.9,8.6,8.5,51216394,45
盤飧市,63,川菜家常菜,春熙路,8.4,8.0,7.7,525994,45
电台巷火锅,88,重庆火锅,科华北路,8.1,7.9,7.8,90051880,40
鱼桥巷·美学川菜,428,川菜家常菜,杜甫草堂,8.6,9.3,8.8,113889880,50
李不管把把烧,80,融合烤肉,双楠,8.8,8.7,8.8,112229693,45
生如夏花泰式海鲜火锅,129,东南亚菜,高新区,9.1,9.3,9.2,92125806,50
禄合門美蛙火锅,85,鱼火锅,春熙路,9.0,9.0,8.9,110691301,45
唐宫,183,粤菜馆,桐梓林,8.7,8.7,8.3,22227640,45
UG·高宅,188,特色菜,大慈寺,8.2,9.1,8.5,92303482,45
省委机关食堂,28,快餐简餐,人民公园,8.1,7.4,7.4,5433302,40
班花麻辣烫,68,串串香,春熙路,8.8,9.1,9.0,127712698,45
JOY BOX盒里,85,西餐,大慈寺,8.5,8.9,8.5,76734198,45
浪起把把烧,69,烤串,望平街,8.6,9.1,9.1,127971532,45
易老妈蹄花,57,蹄花,人民公园,7.8,7.4,7.6,18567513,40
等风来餐厅,154,东南亚菜,龙泉驿区,6.8,8.4,7.3,130305281,35
九久鲜锅菜·地道川菜代表,50,川菜家常菜,春熙路,9.2,8.5,9.1,96588530,50
姜虎东白丁烤肉,129,韩国料理,春熙路,8.3,8.5,8.4,38204703,40
乐山鲜知味钵钵鸡,33,钵钵鸡,杜甫草堂,8.5,7.2,7.7,3651508,45
FIELDS AVANT 十域·臻选,163,西餐,高新区,8.8,9.3,9.1,102682342,50
熹面,32,粉面馆,桐梓林,8.8,9.2,9.2,129292889,45
川西坝子,108,四川火锅,杜甫草堂,9.0,9.2,9.1,67997136,50
阿卡AK.Lab洋风韩国料理,101,韩国料理,楚河汉街,9.0,9.2,9.2,126295902,50
小川料理,95,日本料理,江汉路步行街,9.1,9.1,9.2,108213628,50
仙隐小鹿台式日料,94,日本料理,江汉路步行街,9.2,9.3,9.4,130086979,50
LELECHA乐乐茶,37,茶饮果汁,楚河汉街,9.0,9.0,8.7,128375303,45
吉祥·盛筵艺术海鲜姿造,384,自助餐,百步亭/二七,8.5,9.0,8.8,129844193,45
老九巷川小馆,72,川菜家常菜,万松园,9.1,9.2,9.3,129781640,50
一棠龙虾,156,小龙虾,解放公园,9.0,9.1,8.9,65605391,50
夏氏砂锅,81,湖北菜/家常菜,万松园,9.0,8.8,8.7,549463,45
K'COOK概念韩餐,121,韩国料理,鹦鹉大道,9.0,9.1,9.1,71542198,45
速度披萨,96,西餐,江汉区,8.8,9.1,9.1,126943481,45
小民大排档,74,快餐简餐,江汉路步行街,8.2,7.6,7.8,127149063,40
天天红油赵师傅热干面,14,热干面,司门口,8.6,7.5,7.7,2356225,45
乔叶龙老武汉烧烤,65,烧烤,楚河汉街,8.4,8.5,8.3,126370536,40
仙人寿司·精致料理专门店,93,日本料理,江汉路步行街,9.1,9.1,9.2,102355904,50
靓靓蒸虾,150,小龙虾,万松园,9.1,8.5,8.7,2780647,50
金马门国际美食百汇,152,自助餐,广埠屯,8.7,8.8,8.6,2935540,45
黄氏许牛奶甜品专家,29,甜品,江汉路步行街,8.4,8.1,8.2,98782120,40
利友诚老武汉味道,82,湖北菜/家常菜,港澳台风情街,8.3,8.9,8.4,126161497,45
双喜海鲜大排档,99,海鲜,江汉路步行街,8.7,8.7,8.6,130016636,45
火瀑椒麻火锅,91,四川火锅,江汉路步行街,9.1,9.2,9.2,114796003,50
板板水货老武汉街边味道,55,湖北菜/家常菜,江汉路步行街,9.1,9.0,9.0,111912227,50
伍界烤串之土城,65,烤串,王家湾,8.7,6.8,7.3,123602891,40
天下方掌柜武昌鱼,81,湖北菜/家常菜,阅马场,9.2,9.2,9.1,97420848,50
鸟地方烧鸟屋,109,日本料理,楚河汉街,8.9,8.9,8.8,130599453,45
么肆烤肉,78,融合烤肉,楚河汉街,9.1,9.1,9.1,129295774,50
融厨·湖北菜铫子藕汤,73,湖北菜/家常菜,江汉路商圈,9.1,9.2,9.1,128523373,50
啤契精酿啤酒の芬可兒咖啡,155,西餐,客运港/江滩,8.8,9.0,9.0,90571526,45
苏梅花园,104,东南亚菜,楚河汉街,8.8,9.1,8.8,98114223,45
来菜·铫子煨藕,67,湖北菜/家常菜,石牌岭/街道口,9.0,9.0,8.9,111779425,45
肥肥虾庄,139,小龙虾,石牌岭/街道口,9.1,8.7,8.7,3232363,50
曼谷五巷·泰式餐厅,102,东南亚菜,楚河汉街,9.1,9.2,9.2,126283213,50
泰荃泰式茶餐厅,103,东南亚菜,石牌岭/街道口,9.0,9.2,9.1,130475208,50
辣螃蟹,110,海鲜火锅,江汉路步行街,9.1,9.1,9.2,121715275,50
三镇卤货二公司,51,湖北菜/家常菜,楚河汉街,9.0,9.0,9.1,110678753,50
集渔·泰式海鲜火锅,124,泰式火锅,西北湖,8.7,9.1,8.7,124161114,45
Little Chihuahua奇瓦瓦墨西哥休闲餐厅,89,西餐,西北湖,9.0,9.1,9.0,92361029,50
意大利奢侈品TRUSSARDI餐厅,383,西餐,楚河汉街,8.9,9.1,9.2,102705492,50
無境·匠心日本料理,136,日本料理,楚河汉街,9.0,9.2,9.1,110816944,50
苹果妹手工冰粉,16,小吃快餐,江汉路步行街,8.5,8.0,8.9,101953768,45
極上馆,388,日式自助,解放公园,9.1,9.2,9.1,96060193,50
八筒火锅,126,四川火锅,百步亭/二七,9.1,9.2,9.1,98457239,50
南大门韩糕,15,面包烘焙,光谷天地,8.5,8.6,8.8,131536309,45
锡林阿玛·冰煮羊火锅,97,牛羊肉火锅,楚河汉街,9.3,9.1,9.2,129758007,50
哈士奇主题餐厅,87,江湖菜,江汉路步行街,8.0,9.1,9.2,129375421,45
巷林烤肉,80,融合烤肉,楚河汉街,9.2,9.2,9.2,127975013,50
双宝红油牛系列,63,小吃,六渡桥,8.5,6.8,7.8,2993008,40
甜阿姨私房菜,177,私房菜,楚河汉街,8.9,9.2,9.1,122711091,45
华宁餐厅,96,川菜家常菜,解放公园,8.6,7.5,7.6,11569462,40
只卖生蚝,34,烧烤,西北湖,9.1,8.7,9.1,110449531,50
巴厘龙虾,158,小龙虾,万松园,9.0,8.4,8.5,13913365,45
严老幺烧麦,14,快餐简餐,六渡桥,8.7,7.6,7.8,3666706,45
重庆辣子鱼家常菜,52,川菜家常菜,八大家/红钢城,9.1,7.8,8.3,5674341,45
龜龍片甲,76,湖北菜/家常菜,积玉桥,9.1,9.1,9.0,91383811,50
小仓食べ放题,391,日式自助,武汉商务区,9.0,9.3,9.2,125119112,50
董小婉点心专门店,70,苏浙菜,楚河汉街,9.0,9.0,9.0,130005124,45
江城燕子大排档,74,湖北菜/家常菜,江汉路步行街,9.1,9.0,8.7,129778871,45
行·者欢喜小院,129,湖北菜/家常菜,武昌区,8.2,9.1,8.6,101964318,45
鮨一日本料理,1739,日本料理,解放公园,9.3,9.2,9.3,96719151,50
史记记忆火锅,72,重庆火锅,光谷/鲁巷,9.2,9.2,9.2,97491813,50
俄士厨房,102,西餐,石牌岭/街道口,9.1,9.3,9.2,91669175,50
L'amour澜茉·餐厅 轻法餐,283,西餐,客运港/江滩,8.7,9.4,9.1,98462591,50
纯坊食品宫廷糕点,19,面包烘焙,石牌岭/街道口,8.7,8.3,9.0,98430377,45
蓉城小生,45,川菜家常菜,江汉路步行街,9.1,9.2,9.1,130310376,50
香港稻香海鲜点心酒家,83,粤菜馆,楚河汉街,8.8,9.0,8.5,6323247,45
喜茶,30,茶饮果汁,武汉广场,9.0,8.8,8.7,129656801,45
香钿创意楚菜,95,湖北菜/家常菜,楚河汉街,8.8,9.2,8.9,20874703,45
翠小小啫啫煲,90,粤菜馆,南湖花园,8.5,9.0,8.8,129108511,45
大兴糕团,32,面包烘焙,楚河汉街,8.8,9.0,9.1,130465796,45
四海一家国际美食之都,173,自助餐,武汉广场,7.7,8.5,8.2,5248693,40
湖滨客舍,304,湖北菜/家常菜,水果湖,8.5,9.2,8.6,4542910,45
辣吗私厨,76,川菜家常菜,江汉路步行街,9.0,8.8,9.0,64058239,45
U你·天然调味,91,湖北菜/家常菜,光谷/鲁巷,9.1,9.1,9.1,128486667,50
TACO AMOR墨西哥餐厅,90,西餐,江汉路步行街,9.0,8.9,8.8,111518078,45
5路汉堡炸鸡,23,快餐简餐,江汉路步行街,8.4,8.2,8.1,1937752,40
亢龙太子酒轩,93,湖北菜/家常菜,东亭,9.1,9.2,9.1,8977386,50
大渔渔膳,345,日式自助,余家头,9.3,9.3,9.4,130566954,50
GROTTA BRUNCH灯塔餐厅,174,西餐,汉阳大道,9.0,9.2,9.1,127197857,50
爱漫·花园,126,咖啡厅,江岸区,7.6,9.0,7.9,129208969,40
赤浪川菜馆,69,川菜家常菜,万松园,8.6,6.9,7.4,9056341,40
老通城豆皮,13,快餐简餐,江汉路步行街,8.9,8.5,8.4,76968114,45
闲云野鹤,150,湖北菜/家常菜,唐家墩/菱角湖,9.1,9.3,9.0,23214208,50
阿德鱼湾,61,湖北菜/家常菜,司门口,9.1,7.8,8.5,6169201,45
曾记大腰子烧烤,58,烧烤,港澳台风情街,7.9,7.0,7.5,32412716,40
鱼头泡饭,95,湖北菜/家常菜,徐东大街,8.9,7.9,7.8,21647388,45
蜀九香火锅,110,四川火锅,西北湖,9.1,9.1,9.2,34138073,50
老地方烧烤,58,烧烤,花桥,8.2,6.4,7.2,72455961,40
顺香居,68,湖北菜/家常菜,江汉路步行街,8.5,9.1,8.9,114464213,45
潮牛壹号鲜牛肉火锅,86,牛羊肉火锅,石牌岭/街道口,9.1,9.2,9.1,58271582,50
尘香•精致湖北菜,61,湖北菜/家常菜,石牌岭/街道口,8.5,9.0,8.7,32641768,45
零度·冰火锅概念餐厅,96,火锅,古田路,9.2,9.2,9.2,130713804,50
极屋串宗酒场·深夜食堂,97,日本料理,楚河汉街,9.2,9.2,9.3,126220843,50
刘记三狗牛肉面馆,17,快餐简餐,客运港/江滩,8.1,7.4,7.2,1970644,40
汉口虾神烧烤,92,烤串,腰路堤,9.0,9.0,8.9,66328309,45
7.BLOCK澳式全天早午餐,119,西餐,港澳台风情街,8.5,9.1,9.1,127224986,45
万达瑞华美食汇全日自助餐厅,280,自助餐,水果湖,8.3,9.2,9.1,17204393,45
JOY BOX盒里,89,西餐,解放公园,8.4,8.8,8.6,98856594,45
胖记烤肉,72,融合烤肉,江汉路步行街,9.0,8.8,9.1,130009940,45
吉庆78号·油焖蜗牛私房菜,87,私房菜,江汉路步行街,9.1,9.0,9.1,110653699,50
有拈头成都市井火锅,78,四川火锅,百步亭/二七,8.8,8.8,8.7,124763781,45
辣筋子,64,融合烤肉,腰路堤,8.3,5.5,5.7,93310531,35
珮姐老火锅,115,重庆火锅,洪崖洞,9.1,9.0,9.1,92726787,50
SKYFiN天空之鳍·全江景无国界料理,435,自助餐,解放碑,8.6,9.2,9.0,93526728,45
旧识从前慢·川菜小酒馆,82,川菜家常菜,解放碑,9.0,9.3,9.2,102189229,50
大吉烧肉与酒,143,日式烧烤/烤肉,大坪,9.0,9.1,9.1,123069391,50
周师兄大刀腰片火锅,119,重庆火锅,解放碑,9.1,9.1,9.2,97141784,50
山城老堂口•1636重庆老菜,84,川菜家常菜,解放碑,9.1,9.2,9.1,113858908,50
杨记隆府,98,江湖菜,解放碑,9.0,9.0,9.0,28222146,45
楠火锅,83,重庆火锅,南坪,9.0,7.8,8.3,102516096,45
老甘家小龙虾•江湖菜,126,小龙虾,观音桥,9.1,9.0,8.9,24341930,50
卤校长老火锅,87,重庆火锅,观音桥,8.7,8.8,8.9,130824085,45
史记记忆老火锅,97,重庆火锅,洪崖洞,9.2,9.2,9.3,98829051,50
集渔·泰式海鲜火锅,122,泰式火锅,观音桥,9.0,9.1,9.2,126745697,50
洞洞隐火锅,87,重庆火锅,洪崖洞,9.0,9.0,9.1,101920802,50
厨匠老火锅,89,重庆火锅,洪崖洞,9.1,9.1,9.1,69537323,50
月半,63,川菜家常菜,解放碑,9.0,8.3,8.9,97772689,45
李串串老店,71,串串香,解放碑,9.1,7.6,8.2,13791202,45
最火3拖1老火锅,69,重庆火锅,观音桥,9.1,8.4,8.8,17931237,50
肆味,187,重庆火锅,南滨路,9.2,9.3,9.2,97067463,50
周师兄腰片老火锅,107,重庆火锅,洪崖洞,9.2,9.2,9.4,130452325,50
鼎凰花胶鸡海鲜火锅,130,打边炉/港式火锅,大坪,8.5,9.1,9.0,129240400,45
蛮香,50,川菜家常菜,解放碑,9.2,9.0,9.2,129384973,50
洞府老火锅,83,重庆火锅,解放碑,9.2,9.1,9.2,112628465,50
巴倒烫重庆陆派火锅,121,重庆火锅,南山,9.0,9.3,9.0,2220778,50
地狱厨房,83,特色菜,大坪,8.5,9.0,9.0,129142824,45
聪记香港糯米糍,19,小吃,渝中区,8.0,8.4,8.6,129332798,40
鲜龙井火锅公园,114,重庆火锅,南山,8.6,9.2,8.7,532427,45
Gray Whale灰鲸美式乡村烤肉,120,西餐,大坪,9.0,9.2,9.2,129681024,50
纯阳老酒馆,67,川菜家常菜,七星岗,9.1,8.6,8.6,531692,50
喜来樱姬海鲜日料自助餐厅,388,日本料理,九街,9.0,8.7,9.2,95991039,50
重庆丽晶酒店·两江吧,185,咖啡厅,北滨路,8.5,9.1,8.8,69629766,45
八一好吃街,40,快餐简餐,解放碑,8.6,8.1,8.2,79206580,45
威灵顿酒店·维多利亚海鲜自助餐厅,153,自助餐,财富中心,8.7,9.0,9.0,57875735,45
半山酒馆,126,川菜家常菜,九街,8.9,9.3,9.1,76999398,50
瓜西西火锅,102,重庆火锅,洪崖洞,9.1,9.1,9.1,112001030,50
嫩芽NAYAKA融合川菜,67,川菜家常菜,洪崖洞,9.0,9.1,9.1,127157565,50
Gray Whale灰鲸餐厅,147,西餐,五里店,8.9,9.1,9.1,97327206,45
北叁花缘火锅,98,重庆火锅,大石坝,8.7,9.2,9.0,129429989,50
泉野菜,118,日式火锅,大坪,8.4,9.0,8.9,111771444,45
辣丁湾捞汁小海鲜,40,海鲜,巴国城,9.1,8.8,9.0,122062572,45
花市豌杂面,16,面馆,解放碑,8.3,7.0,7.2,2315611,40
渝大狮老火锅,68,重庆火锅,南坪,9.2,9.2,9.2,96659668,50
捞王锅物料理,127,猪肚鸡火锅,观音桥,9.1,9.2,9.2,98628668,50
六指烧烤,45,烤串,观音桥,7.9,7.0,7.8,90413612,40
象隐·地道曼谷料理,127,东南亚菜,观音桥,9.1,9.2,9.2,98628510,50
赛门太太,47,创意菜,加州,9.2,9.2,9.4,129764136,50
喜茶,28,茶饮果汁,解放碑,9.2,9.2,9.3,131327060,50
遇东岚,76,江湖菜,观音桥,9.0,9.1,9.1,98101964,50
枇杷园食为鲜火锅,109,重庆火锅,南山,8.0,9.1,8.1,3081820,45
烤無戒·现拌烤肉,67,融合烤肉,观音桥,9.0,9.0,8.7,125129430,45
流浪地图•剁椒卤汁拌饭,24,快餐简餐,大坪,8.0,8.4,8.5,131065648,40
九村烤脑花,77,烧烤,较场口,8.4,8.4,8.5,92598170,45
尘香,118,川菜家常菜,解放碑,9.0,9.0,9.0,10341581,45
猫掌柜烧烤铺,73,烧烤,冉家坝,9.0,8.8,9.0,5199056,45
开门见山·森林中的泰国料理,130,东南亚菜,南山,8.5,9.2,9.1,129345684,50
火尧火锅·九雅,125,重庆火锅,解放碑,9.1,9.2,9.2,131451397,50
啵先生樱小姐·冰粉遇上麻辣,27,小吃,龙湖/水晶郦城,8.6,8.6,8.9,129413332,45
二火锅,84,重庆火锅,小龙坎,8.9,7.1,7.8,23090916,45
洞子李毛肚火锅,111,重庆火锅,解放碑,9.1,9.3,9.4,130787407,50
拈菜,90,川菜家常菜,九街,9.1,9.2,8.9,93269440,50
会飞的鸡Flying chicken,46,韩国料理,观音桥,9.0,8.3,9.0,122901225,45
淑芬掌中宝串串公司,75,串串香,大坪,8.8,9.0,8.7,128669841,45
老袁家白砍鸡民间菜,63,川菜家常菜,新牌坊,9.0,7.8,8.0,44021999,45
九锅一堂重庆家常菜,64,川菜家常菜,三峡广场,8.8,9.0,9.2,66736976,45
汴京茶寮,23,茶饮果汁,观音桥,8.8,9.0,8.9,131579721,45
饿狼串说 牛肉串串,68,串串香,观音桥,9.2,9.1,9.0,96627085,50
埠口精酿·夜景西餐酒吧,110,西餐,长嘉汇商圈,9.0,9.3,9.1,77362977,50
和民·烧肉,125,日式烧烤/烤肉,黄泥塝,8.7,8.3,8.2,124605923,45
叶婆婆钵钵鸡,47,小吃快餐,解放碑,8.1,8.5,8.4,130798703,40
杨肥肠,51,小吃快餐,南桥寺,9.0,7.8,8.5,91637639,45
南山鉴宽缘栖民宿西餐厅,98,西餐,南山,8.4,9.2,9.1,125310061,45
马房湾66号·江湖菜,79,江湖菜,沙坪坝,9.0,8.4,8.6,121857503,45
和记火爆,81,江湖菜,南滨路,8.8,8.4,8.0,5332877,45
包哥哥的菜,274,江湖菜,江北区,9.2,9.3,9.3,15965765,50
山茶川菜,95,川菜家常菜,加州,8.5,9.1,8.9,108132013,45
解放碑威斯汀酒店知味标帜餐厅,270,自助餐,解放碑,7.6,9.1,8.4,17887766,40
霸王虾·重庆招牌麻辣小龙虾,123,小龙虾,观音桥,9.0,9.0,8.9,17938141,50
山葵家精致料理寿司吧,174,日本料理,观音桥,9.1,9.2,9.2,98431871,50
沈姐万州烤鱼,47,烤鱼,沙坪坝,9.1,8.9,9.0,22389624,50
戏作寿司,69,寿司,南坪,9.2,9.1,9.2,127699016,50
奈九居酒屋,118,日本料理,谢家湾,8.2,9.0,8.6,112190667,40
海边边,78,海鲜,龙湖/水晶郦城,9.1,8.9,9.1,130296494,50
老来福·酸汤兔,79,川菜家常菜,解放碑,9.1,8.6,8.8,2226886,50
两江火焰鹅,63,江湖菜,沙坪坝区,9.2,9.1,9.2,66653408,50
滙山城老火锅,114,重庆火锅,解放碑,8.4,9.0,8.4,98780076,45
藤也怀石料理,1208,日本料理,化龙桥,9.2,9.3,9.4,68024513,50
上井,304,日式自助,新牌坊,8.4,8.9,8.5,93583597,45
慈记外婆桥风味食集,71,川菜家常菜,解放碑,9.0,9.3,9.1,130492825,50
格外小馆·屋顶顶店,104,咖啡厅,北部新区,8.3,9.1,8.7,99609183,45
耿歡喜剁椒拌饭公司,25,快餐简餐,解放碑,8.3,8.3,8.1,129633908,40
光盒作用串串研究所,63,串串香,北城天街,8.7,9.2,9.0,122495821,45
顺祺佛爷煲,117,川菜家常菜,北滨路,9.1,9.1,8.7,69476710,45
盛天毛血旺,56,川菜家常菜,解放碑,9.1,8.9,9.0,17633758,50
青山青豆花·笑禅豆腐鱼,64,鱼火锅,黄泥塝,9.2,8.8,9.1,13820868,50
唐大卤菜,60,卤味鸭脖,南坪,8.3,7.9,8.6,17063480,40
江湖流酒肆,80,江湖菜,大坪,9.0,9.3,9.3,124139017,50
俄式厨房,103,西餐,大坪,9.0,9.2,9.2,93735130,50
猴三老火锅,93,重庆火锅,洪崖洞,9.0,9.2,9.2,127060969,50
姐妹肥肠鸡,39,火锅,大坪,9.1,8.1,9.0,102369024,50
双木氿包,10,包子,解放碑,8.0,7.2,7.9,15954754,40
茹丝葵经典牛排馆,682,西式正餐,北滨路,9.1,9.1,9.3,126678721,50
长安大牌档之长安集市,78,陕西菜,小寨,8.5,9.0,8.7,13897724,45
江城小馆陕南妈妈菜,72,陕西菜,钟楼/鼓楼,9.0,8.7,9.1,18201484,50
醉长安,76,陕西菜,钟楼/鼓楼,8.8,9.1,9.1,92428861,45
重庆渝味晓宇火锅,97,重庆火锅,钟楼/鼓楼,9.1,9.0,8.9,21236444,50
清真·马峰烤肉,40,烧烤,西大街,9.0,7.9,8.8,18212251,45
七爷清汤腩,55,小吃,长乐坊,7.9,8.5,8.2,129962289,40
老李家biangbiang面,20,面馆,钟楼/鼓楼,9.1,8.5,9.0,110106082,50
长安荟·原味陕菜,266,陕西菜,曲江新区,9.0,9.2,9.1,122047916,45
1點點,17,茶饮果汁,大雁塔,8.7,8.7,9.0,130760052,45
遇见长安,69,陕西菜,小寨,9.1,9.1,9.1,111572155,50
南大门米糕,24,面包烘焙,未央路沿线,8.4,8.6,8.7,130820161,45
唐禾会海鲜姿造自助餐厅,334,自助餐,钟楼/鼓楼,9.1,9.2,9.3,129357722,50
张老板的店,87,特色菜,民乐园,9.2,9.2,9.2,27141091,50
赵记传承牛奶甜品,27,甜品,小寨,8.4,8.6,8.4,127191604,45
STARRY RESTAURANT ＆ LOUNGE,154,西餐,大雁塔,9.1,9.3,9.3,98751914,50
太食獸泰式茶餐厅,113,东南亚菜,高新路沿线,9.0,9.0,9.0,108317651,50
碎怂烤肉,70,烤串,钟楼/鼓楼,8.5,8.0,8.2,68228945,45
串一火锅,98,重庆火锅,大雁塔,8.7,8.8,8.5,122769537,45
哥老官重庆美蛙鱼头,122,重庆火锅,大雁塔,9.0,8.9,9.0,121683694,45
濠戏·生蚝戏江湖,90,海鲜,钟楼/鼓楼,8.6,9.0,8.4,129839140,45
SPACELAB失重餐厅,127,西餐,大雁塔,7.8,9.1,8.7,123620177,45
同福龙虾,171,小龙虾,高新路沿线,9.1,9.1,8.8,65891848,45
袁家村关中印象体验地,33,陕西菜,曲江新区,9.1,8.6,8.7,22419005,50
宁夏国强手抓羊肉馆·清真菜,110,西北菜,未央路沿线,9.1,9.2,9.0,102160052,50
唐猫庭院,79,烧烤,大雁塔,8.8,9.2,8.8,127946155,45
炙铜涮肉·烤肉,72,老北京火锅,钟楼/鼓楼,9.1,9.1,9.3,57382018,50
梵,614,日本料理,曲江新区,9.2,9.4,9.3,65625530,50
淮扬府·游园京梦,186,淮扬菜,南大街,9.1,9.3,9.2,98881318,50
同盛祥,60,陕西菜,雁塔区,9.0,9.3,9.1,127873565,50
小佐烤肉,56,烧烤,未央路沿线,8.5,6.6,7.4,20844829,40
马洪小炒泡馍馆,28,泡馍,莲湖公园,8.6,7.9,8.1,5364868,45
本格寿司,424,日本料理,高新路沿线,9.1,9.3,9.3,98930788,50
莲花餐饮,113,陕西菜,省体育场,9.1,9.2,9.2,11577662,50
胖子甑糕,7,小吃,莲湖公园,9.0,8.1,9.0,19599324,50
俄式厨房,112,西餐,吉祥村,9.2,9.3,9.2,68159193,50
子午路张记肉夹馍,18,肉夹馍,翠华路,8.8,7.6,7.9,2727952,45
九院,115,融合烤肉,曲江新区,8.6,9.0,8.3,90317873,45
半勺舒舒,127,面包烘焙,小寨,9.1,9.1,9.1,91066307,50
拾一一人食小火锅,59,小火锅,曲江新区,8.5,8.9,8.5,130098407,45
火炉旁烤肉店,70,融合烤肉,未央路沿线,9.1,9.1,9.1,129406982,50
小吊梨汤,81,京菜,大雁塔,8.7,8.9,9.1,126284447,45
烛影拾光,123,创意菜,曲江新区,8.6,9.1,8.9,32750612,45
赵小姐创意餐厅,81,创意菜,唐延路沿线,9.0,9.1,9.1,92441323,50
凡雅等花开·西餐厅,119,西式正餐,曲江新区,9.1,9.3,9.2,114536901,50
马老四肉丁胡辣汤,11,胡辣汤,和平门/建国门,9.0,7.5,7.9,2577952,45
陕拾叁冰饼糖,30,冰淇淋,钟楼/鼓楼,9.1,9.1,9.1,13780387,50
香港粤北鼻金沙汤丸甜品,35,甜品,小寨,8.4,8.4,8.3,130161397,45
璞遇,128,创意菜,曲江新区,8.7,9.2,9.0,112243635,45
秦豫肉夹馍,15,肉夹馍,钟楼/鼓楼,8.5,7.4,7.6,550469,45
二道木烤羊腿,92,融合烤肉,电子城,9.2,8.6,9.0,108354077,50
WEI全味西餐厅,397,自助餐,曲江新区,8.6,9.2,9.1,108361836,45
黄氏许牛奶甜品专家,23,甜品,立丰国际,8.7,8.6,9.0,125187625,45
马乐烤肉,36,烧烤,大皮院/西羊市,9.1,8.3,8.9,38795427,50
马路边边麻辣烫,86,串串香,高新路沿线,9.1,9.0,9.0,123140996,50
君悦酒店·Grand Cafe咖啡厅,285,自助餐,唐延路沿线,8.6,9.2,9.1,102117177,45
金牌泰香米泰式咖喱蟹,148,东南亚菜,大雁塔,8.3,8.7,8.3,123901299,40
糕忆现烤蛋糕,25,面包烘焙,未央路沿线,8.6,8.7,8.6,130317777,45
豆先生私房酒肆,66,私房菜,文艺路,9.1,9.0,8.5,110772685,50
柳巷面,20,面馆,北大街,8.7,8.3,7.9,5208352,45
古今长安老茶坊,88,陕西菜,小寨,8.7,9.2,8.9,21225188,45
藏拙居酒屋,181,日本料理,唐延路沿线,9.1,9.2,9.2,98357766,50
非凡烧烤,39,烤串,小寨,8.5,7.3,7.5,32550522,45
十三朝餐厅,168,陕西菜,南大街,8.7,9.2,8.8,98881411,45
奔跑吧陕菜,59,陕西菜,民乐园,9.0,9.2,9.1,101989231,50
SUPERBOOM Burger爆爆大汉堡,71,西式简餐,大雁塔,8.8,9.0,9.0,123787657,45
Amber Bites·琥珀宫,71,东南亚菜,小寨,9.1,9.2,9.3,125184441,50
海趣餐厅·苏式家菜,99,苏浙菜,高新路沿线,9.1,9.1,9.1,110262179,50
薇酌饮,76,陕西菜,大雁塔,8.3,9.1,8.4,125129475,40
绿茉莉,164,西餐,大雁塔,9.1,9.3,9.2,123787671,50
珍宝海鲜JUMBO Seafood,365,东南亚菜,南大街,9.0,9.2,9.1,98805210,50
刘信牛羊肉泡馍小炒,25,泡馍,大皮院/西羊市,8.6,7.5,7.7,551242,45
有才叔的小馆,92,汤锅,浐灞生态区,8.8,9.2,8.7,121684713,45
LELECHA乐乐茶,32,面包烘焙,大雁塔,8.6,8.6,8.6,121788249,45
LENBACH兰巴赫 西餐啤酒坊,139,西餐,南大街,9.1,9.3,9.2,93173410,50
糊涂记,58,陕西菜,钟楼/鼓楼,8.8,8.8,8.6,22237991,45
埚曰记古法火锅,81,重庆火锅,何家村,9.4,9.5,9.5,114871769,50
王大花·高家蚝宅,120,海鲜,曲江新区,8.7,8.6,8.2,129742786,45
爱骅裤带面馆,13,面馆,钟楼/鼓楼,9.2,8.3,9.1,80499685,50
奈九居酒屋,176,日本料理,曲江新区,9.1,9.0,9.1,92991341,50
小仙烧,43,小吃,南院门,8.2,8.8,8.8,127782609,45
汉巴味德自助餐厅,82,烧烤,小寨,8.9,9.0,8.9,67759774,45
好享龙虾,132,小龙虾,太乙路,9.2,8.6,8.6,92392048,50
鮨期Sushi Ichie,734,日本料理,西北大/西工大,9.2,9.4,9.3,125765442,50
勿幕·玖里屋顶花园餐厅,91,江湖菜,钟楼/鼓楼,8.6,9.1,8.2,100944417,45
赵记绿豆馅饼素斋,20,面包烘焙,钟楼/鼓楼,9.1,8.7,9.0,3464356,50
太二酸菜鱼,82,酸菜鱼/水煮鱼,大雁塔,9.0,9.1,9.2,120093334,50
肉魁屋烧肉•酒场,225,日式烧烤/烤肉,小雁塔,9.3,9.3,9.3,98941611,50
海鲜先生爆肚面,27,面馆,朱雀门,9.1,8.8,9.0,93446731,50
芦园,469,日本料理,曲江新区,9.0,9.3,9.2,110616284,50
羊瑞堂铁锅羊肉,90,陕西菜,未央路沿线,9.1,8.6,8.8,13889024,50
林间山庄,130,陕西菜,长安区,7.6,8.6,7.7,108169883,40
长安壹号,215,陕西菜,省体育场,8.8,9.1,9.1,2285452,45
碗主自助嘉年华,94,自助餐,小雁塔,7.7,9.0,8.6,111873042,40
有拈头成都市井火锅,80,四川火锅,未央路沿线,8.8,8.5,8.0,124307818,45
海底捞火锅,114,火锅,曲江新区,9.3,9.4,9.2,130903439,50
莲西餐,493,西餐,曲江新区,9.0,9.3,9.2,66591239,50
墨食,120,创意菜,高新路沿线,8.5,9.1,8.8,69855076,45
老白家面馆,15,快餐简餐,李家村,8.9,8.1,8.3,21067633,45
湊湊火锅·茶憩,126,火锅,大雁塔,8.9,9.2,9.1,125888541,45
清真·定家小酥肉,27,西北菜,大皮院/西羊市,7.7,6.8,6.9,550386,40
